X,X1
de,1
aamazinggameofthrones,2
aandfan,2
abandoning,2
abides,2
able,2
aboutreasons,2
aboveif,2
abril,2
absolutely,14
absolutum,2
abstinencia,2
abuela,2
ac,4
acabei,2
accent,10
access,6
accin,2
accompany,2
accurate,4
acerca,2
acesso,2
acha,4
aclashofkings,2
acontece,2
acquisto,2
act,6
acting,4
action,6
actiongameofthronewhen,2
actively,2
actor,48
actores,2
actors,2
actress,8
actual,4
actually,6
acuerdo,2
ad,14
adam,4
adancewithdragons,2
adaption,2
added,2
addicted,2
addicting,2
addiction,6
addictionwellthis,2
additions,2
admired,2
adorable,2
adquierelo,2
adragonraisedbywolvesnever,2
adrenalinathen,2
adult,4
adventure,2
advertising,4
advertisinggameofthronessend,2
af,4
afectargameofthronessend,2
afraid,4
againgotswhy,2
agameofthrones,2
age,4
ageaceleb,2
agencies,12
agendai,2
agent,2
agentsofshield,2
ages,4
agessigh,2
agirlisnoone,2
agli,8
ago,4
agoeven,2
agora,12
agree,4
agresin,4
ah,2
ahahahaha,4
ahai,10
ahappy,2
ahh,2
ahmadinejad,12
ahmadinejadthe,2
ahora,6
aidan,2
aidangillen,2
aider,2
aint,2
air,4
airing,2
airoffff,2
airs,4
aka,34
al,24
alabama,26
alarma,2
albumstaken,2
alczar,6
aldel,2
aldtyo,2
ale,2
aleen,4
alert,2
alerta,2
alfie,2
algo,2
alguien,2
algum,2
algumas,2
ali,2
alittlelategameofthrones,2
alive,4
allegiancefind,2
allegiancevote,6
allem,2
allen,2
allengameofthroneshouse,2
allowed,2
allowing,2
allplease,2
allseasons,2
almighty,2
almost,8
alone,4
alongsidein,4
alphagameofthrones,2
alphamalemadness,2
alpolitics,2
already,10
alreadyleon,2
alreadystorylines,2
alrighttopgame,2
als,12
also,26
aluminum,2
alumna,2
alv,2
always,28
alwayshavefunpartiu,2
alwayssunny,4
alyciafromon,2
ama,2
amare,2
amazing,12
amazingfabulous,2
amazinggotsnathalie,2
amazingshow,2
amazingtvnationalsiblingsday,2
amazinyou,2
amazon,2
ambientmoon,2
ambitionhtt,2
ambitious,2
ame,2
america,2
americanhorrorstory,2
americans,2
amgoddessworship,2
amgoddessworshipsend,2
amigo,2
amigos,6
amogameofthronesprincess,2
among,4
amor,8
amortttt,4
amorzinhoassiste,2
amsterdam,2
analogy,2
anche,2
andalso,2
andas,2
andfor,6
andfromare,2
andgotslooks,2
andour,2
andsaw,2
andthe,2
andthentherewerenonesend,2
andthewhiteprincess,2
andup,2
andwantsback,6
anger,10
angry,2
animation,2
anlatm,2
anna,10
anniwiredwireditgameofthrones,2
annonc,2
announces,4
announcing,2
ano,2
another,6
answer,2
antes,6
antibioticsouaismark,2
antics,2
antrim,2
antrimseasoncharacters,2
anumber,2
anunai,2
anuncia,2
anydaygame,2
anymore,4
anyone,10
anything,2
ao,10
aos,2
apart,6
app,6
appeal,10
appealed,2
appearance,2
applies,6
appreciate,2
appreciative,2
approaching,2
appropriate,2
appropriately,2
aprgameofthrones,2
april,4
aprilat,4
apromo,2
apronsgameofthrones,10
aprpdt,2
aprpdtgameofthrones,2
aqu,4
aquaman,2
aqui,4
aquire,2
arabiaso,2
arakh,2
arch,4
archery,2
archive,4
arcosplay,2
arde,6
areas,4
arena,2
arent,14
arkadalargameofthronesyes,2
armani,2
armin,2
arming,4
armor,16
arrivando,4
arrivant,2
arrivare,2
arrived,2
arrow,8
arrows,2
art,20
artgameofthrones,2
arthbo,2
arthttp,2
artigianale,2
artikunbowed,2
artisan,2
artisanal,2
artisangotsgotsbring,2
artisanwellthis,2
artist,2
artk,4
artkbaahubali,2
artshare,2
artthethrone,6
artwork,6
arya,40
aryagame,2
aryastark,16
aryastarkgameofthronesgameofthrones,2
aryastarkgameofthroness,2
aryastarkgameofthronesspoiler,2
aryastarksend,2
asa,6
asabri,2
asabutterfield,6
asend,2
ashamed,2
ask,4
askgot,2
askjust,2
askme,2
asks,4
asms,4
asmssamantha,2
asociacin,2
asoiaf,34
asoiafcant,2
asoiafcongratulations,2
asoiafgameofthronesarya,2
asoiafgeorge,2
asoiafgotsim,2
asoiafplay,2
asoiafriverdaleno,2
asoiafthis,2
asoiafwellthis,2
asongoficeandfire,6
aspirationbusinessinsiderstorylines,2
aspirationhappy,2
ass,6
assinar,2
assiste,2
assistir,2
assumit,4
ast,2
atgot,2
athoboken,6
atividade,2
atividadedana,2
atlanta,2
atlantica,2
atnyc,4
atomic,2
atpm,2
atrium,6
attached,4
attackontitan,2
attended,2
atthis,8
attract,2
attractandretain,2
atwhy,2
atzionsville,6
au,36
auavectotoro,4
auch,6
audience,2
audiences,12
audiobook,2
audition,2
aufgefallen,2
aufjedenfall,2
aussi,6
australian,4
authentic,4
author,42
auto,2
autograph,2
autographed,36
autographedx,4
aux,4
av,2
ava,16
available,182
avec,12
avectoutes,4
avengerscaptainamerica,2
avez,2
avideopiratesofthecaribbeangameofthrones,4
avocado,36
avoid,2
award,4
awardsgameofthrones,2
awardsmeltyitgameofthrones,8
away,8
awesome,10
awesomeness,14
awesomenessgameofthrones,12
awful,4
awhat,2
awww,2
aydeme,2
ayear,2
ayyy,2
az,2
azgot,2
azor,10
b,4
baahubali,10
baby,6
babydragon,2
babydragontshirt,2
back,70
backed,2
backfor,2
background,2
backlash,2
backpackswhat,2
backstabbingwarintrigue,2
backwey,2
bad,52
badass,6
badge,2
badlands,2
badlipreadingwellthis,2
badwinter,4
baelish,2
baelishgameofthrones,2
baelishrt,2
bafra,2
bafta,4
baftagame,2
bag,16
bagbox,2
bagpipes,4
bagswoodbox,2
bahamaskey,2
baharsend,2
bahubali,2
bai,4
bakit,2
balaman,2
balayacak,2
ballpoint,8
banana,2
banca,10
bande,2
bandeannonce,2
bandeira,2
bank,68
banker,2
banner,10
bannersrobb,4
banque,8
bar,8
baratheon,12
baratheongameofthrones,4
baratheongameofthroneslet,2
baratheonretired,4
barcelona,2
bardziej,2
barriera,2
barristan,2
bartheon,2
baseballiscominghousereinsdorf,2
bashar,2
basically,2
bastard,6
bastardosde,6
bastards,16
bastardsgameofthronesgotsgreat,2
bastardthe,2
bastidores,4
batalha,2
batalla,6
bathroom,2
battle,28
battlemoon,2
battleofthebastards,42
battleofthebastardsit,2
battleofthebastardsofficial,2
battles,2
bbbots,8
bbc,2
bbwhat,2
bc,2
bcher,2
bday,2
beach,6
bean,4
beanits,2
beans,12
beard,2
beast,2
beat,22
beats,2
beautiful,8
beauty,4
became,10
become,10
becomegameofthrones,2
becomes,2
becoming,4
becum,2
bedeuten,4
bedroom,2
beepisodes,2
beerriverdaleno,2
beerwell,2
befores,2
beforexthe,2
begin,2
beginningoftheend,8
begins,36
beginsgameofthronesgameofthrones,2
beginvote,6
begun,2
behind,6
behindthescenes,4
bei,2
beingamelie,2
bekijk,2
beklediin,2
beklemedik,2
beklenen,2
bekliyorum,2
belated,2
belatedly,2
belfastgetting,2
believe,6
believea,2
believes,14
bellaen,2
belleza,2
belly,4
ben,2
bend,2
bendinew,2
benditas,2
benim,2
benioff,2
benioffdan,26
bentley,16
beonbirthday,4
berlin,2
berningergameofthrones,2
besa,4
beso,4
besoin,2
best,48
bestclive,2
bestinthebusinessgotswellthis,2
bet,6
bethis,2
betrayalgame,2
better,32
betterbearduses,2
bettercallsaul,2
betterthese,2
beweis,2
bewildered,2
beyonc,2
bff,2
bgus,2
bhi,4
bhubali,2
bi,2
bible,4
biblewhat,2
bibliophile,4
bieeen,4
bifff,2
big,12
bigeyesso,2
bigeyesthe,2
bigger,50
biggest,16
bij,12
bin,4
bincongratulations,2
binge,12
binges,2
binging,2
birmingham,2
birth,6
birthday,6
birthdaycard,4
birthdaydrhouseonceuponatimegameofthronesgotmixseriesmixbirthdaygameofthrones,2
birthdaydrhouseonceuponatimegameofthronesgotmixseriesmixbirthdayriverdaleno,2
birthdaydrhouseonceuponatimegameofthronesgotmixseriesmixbirthdayyeahhhhhnatalie,2
birthdaygifts,4
birthdaygirl,2
birthdayheres,2
birthdayorangeisthenewblackgameofthronesgotmixseriesmixbirthday,2
birthdayorangeisthenewblackgameofthronesgotmixseriesmixbirthdaygame,2
birthdayorangeisthenewblackgameofthronesgotmixseriesmixbirthdaygameofthrones,2
birthdayorangeisthenewblackgameofthronesgotmixseriesmixbirthdaytryin,2
birthdaypresent,2
birthdaysomeone,2
bisseasonrauskommtprison,2
bit,8
bitch,4
bitchsend,2
bitirmi,2
bitrename,2
bjrnssonthe,2
black,4
blackwater,2
bladerunner,10
blamebranconfirma,2
blamebrandark,2
blamebrangame,2
blamebrangameofthrones,2
blamebrantheres,2
blamebranwhere,2
blancos,4
blaque,6
blend,4
blessed,2
blimey,2
blinkandyoullmissit,2
blm,2
block,2
blog,2
bloggameofthronesexcelente,2
bloggameofthronesjoining,2
blogger,4
blogwellthis,2
blood,18
bloodgot,2
bloodthorne,6
bloody,2
blossoms,2
blow,2
blu,10
blue,18
bluegameofthrones,2
bluehair,4
bluray,24
bluraydigital,6
bluraydvd,2
bluraydvddigital,2
bluraydvddisc,2
blurayend,4
bluraygameofthrones,2
bluraytarget,2
boa,2
board,10
boardcheck,76
boarder,2
boards,4
body,2
bohobyfashion,4
bois,2
boldandbeautiful,2
bollix,2
bolton,10
bom,6
bondedhe,2
bongrips,2
bonne,2
bonus,10
boobies,2
book,24
bookaddict,4
bookcase,2
booklovers,4
books,22
bookshelf,4
booksmusic,2
bookstop,2
bookswellthis,2
booktraining,2
boone,2
bored,8
boredom,2
boring,2
borracha,2
boschamazon,2
bot,2
bottle,4
bottom,2
bought,2
box,56
boxed,2
boxes,6
boxgame,2
boxgameofthrones,2
boxholzbox,2
boxjewelry,2
boxkey,2
boxpromo,4
boxschatulle,2
boxsschatulle,2
boxwooden,2
boxwsigil,2
boy,8
boyceavenue,2
boyfriend,2
br,2
braavos,14
braceletgameofthrones,4
bradleywest,2
braime,2
braimegameofthrones,2
bran,80
brand,8
brands,2
brandsafety,8
brans,2
branstark,4
bread,2
break,6
breakingbad,8
breakingbadisbettergeorge,2
breaks,6
breath,8
breathefire,2
bremainprossimo,2
brian,2
brie,6
brienne,4
briennejaime,2
brienneoftarth,2
brienneyasssssi,2
brightened,2
bring,24
bringing,6
brings,2
bro,2
broadbent,4
brocklesnar,8
broken,2
bronn,4
brother,8
brotherlolgameofthrones,2
broughtships,2
browngameofthrones,6
brush,2
bu,6
bucketlist,2
buen,2
bueno,2
bugnsezonu,2
build,2
bullshitplease,2
bunforgettable,2
bunny,2
burn,2
burned,4
burns,2
burtonfolk,2
business,8
businessinsider,4
busy,16
butterfield,6
buurennp,2
buy,28
buying,2
byat,2
bylennoncakesgeorge,2
byposter,6
bys,2
byso,4
byyentrkiye,2
c,10
caada,2
caballero,8
cabeza,2
cada,6
cadavre,2
cafepart,4
caferandomly,2
cafethe,2
cagameofthrones,2
cagas,2
cake,4
cakes,2
calabosos,6
calendargameofthrones,2
call,18
called,6
callerthe,2
callinavectoutes,2
calls,2
calmarmi,4
calmes,2
came,4
caminantes,4
camiseta,4
camisetas,2
campaign,2
campaigns,10
campbells,6
can,92
cant,62
canturreo,4
canwellthis,2
capoli,2
captulo,10
captulos,2
caralha,4
card,28
cardcoa,2
cardgame,2
cardgameofthrones,2
cardgameofthronessend,2
cardsfactory,4
care,16
career,2
carla,2
carpoolkaraoke,2
carrying,2
carshare,12
carshareforget,2
carsharejames,2
carsharesigh,2
carte,2
carton,4
cartoon,2
carving,2
casa,4
casata,2
case,20
caseendgameofthrones,4
caseendgameogame,2
casewho,2
casewoodbox,4
casi,2
casket,2
cass,4
cassandraclare,2
cast,134
castamere,2
castello,2
castermere,2
castillodezafra,2
casting,4
castingmadam,2
castle,12
castlein,2
castlemedieval,2
castles,2
castlevania,2
castsend,2
castthe,2
casualty,2
cat,2
catch,2
catchdrogon,2
catchemallya,2
catching,14
catchphrasegameofthrones,2
catelyn,2
cathengasten,12
catlovers,2
cats,6
caught,2
causa,2
cause,2
caverns,14
cavolo,4
cdchallenge,12
cdn,4
ce,4
ceceleberty,4
celebrate,2
celebritystyle,2
celebs,4
cello,2
cellos,2
cellosgameofthrones,2
celui,8
cenas,2
centergameofthronesjaime,2
centres,4
century,2
centurydwts,2
ceramic,22
cerca,6
cerco,4
cersei,48
cerseigameofthrones,2
cerseilannister,2
cerseis,8
certain,14
cest,20
cette,16
cfl,8
cg,4
cgcgot,2
cgi,4
chainsaw,2
chair,2
chalkboard,2
chalkboardartgame,2
chalkboardartgameofthrones,2
chalkboardartgameofthroneshodor,2
chalkdrawing,2
challenge,2
champion,2
chance,2
changing,8
channel,2
chapitrefinish,2
chapman,2
chapter,10
character,32
characterand,2
characterdesigni,2
charactergame,2
characteri,2
characterjon,2
characters,42
charactersrose,4
characterswere,2
charity,2
charles,2
chato,2
che,10
cheats,2
check,28
checked,2
cheek,4
cheer,2
cheers,2
cheesy,6
chega,2
chegam,2
chegando,14
chegou,2
chemical,2
chesarebbe,2
chest,4
chestmini,2
chi,6
chicago,14
chicagogameofthrones,2
chicken,4
chickens,2
chictea,2
chiii,2
child,2
childrensmuseum,2
chills,2
chilly,2
chocolate,6
choisir,2
choking,2
choose,2
chooses,2
christie,2
chromeno,4
chronicles,4
chuckiearya,2
chuin,2
chupa,4
church,14
churches,6
churchesmy,2
churchpolice,2
ciaran,2
cidade,2
cine,4
cinemaparadiso,2
cinesyncs,4
circuits,2
circulating,2
circuswaitingforstarkohlastly,2
city,14
citydont,2
ciudad,114
clans,6
clarke,12
clarkew,2
claro,6
clase,8
clash,2
classic,76
claytons,2
clear,2
clearly,6
clegane,4
client,2
cliffhangers,2
climbgameofthronesmain,2
clip,4
clipartdaenerys,4
clive,12
clives,12
cloak,6
clock,110
close,6
closesgameofthrones,6
clovers,2
clowns,4
clsicosde,2
clue,2
clues,4
cmvgameofthrones,2
cnn,4
co,6
coach,2
coagameofthrones,6
coagameofthronesclives,2
coagameofthronescomo,2
coagameofthronesgameofthrones,2
coagameofthronesgotsgotsthe,2
coagameofthroneswellthis,6
coagameofthroneswhat,2
coasters,4
coaxmenwellthis,2
cocktail,2
cocugumla,2
code,4
coffee,4
coin,4
coingameofthrones,2
coinwill,2
coisa,2
cojawaniezobaczyem,2
coke,4
colar,2
cold,4
coldplaysend,2
coleccin,2
coleo,4
collar,2
collect,14
collectiblegotgame,2
collecting,2
collection,2
collideveep,2
colocada,2
coloqueiem,2
colorend,2
colours,2
com,8
coma,2
combodigital,2
come,32
comeando,4
comece,2
comedian,4
comeei,2
comei,2
comes,8
comethroughit,2
comic,10
comicbook,2
comiccongermany,2
comigostorylines,2
coming,124
comingbrand,2
comingdahilan,2
comingdont,2
comingeaster,10
cominggame,2
cominggameofthrones,10
cominggameopick,2
comingget,2
cominggot,8
cominggotsthere,2
comingi,2
comingkeybox,2
comingkicks,2
comingour,8
comingparlecommelesystemesounds,2
comingseasongameofthrones,2
comingsomeone,2
comingspoiler,2
comingstorylines,2
comingthe,2
comingthetrueaquaman,2
comingxoxo,2
comme,8
commencer,16
comment,2
comments,2
commentthat,2
commode,2
common,8
communicationsgameofthrones,2
como,24
comofffrete,2
compaa,2
companylandswestmin,2
compared,2
competent,2
completamente,2
complete,108
completeseasons,2
completeseasonsdvddvd,4
compos,2
composer,2
composertoday,2
composite,2
con,46
conanthebarbarianwalking,2
concabezas,2
concert,42
concertbest,2
concorra,2
concorrer,4
concours,94
conditionend,4
conditionfree,2
conditiongameofthronesoh,2
confiants,2
confirma,12
confirme,8
confirmed,6
confirms,40
confuso,4
conglang,2
conin,2
conleith,2
conleth,2
conocer,6
conofthrones,2
conquer,2
conquistar,2
conseguirme,2
conseil,2
consider,4
considerando,2
consltalas,8
conspiracy,2
constant,2
construes,2
content,6
continues,4
continuo,2
contradict,2
contributions,4
convention,18
conversa,2
conversacin,2
conversation,4
convinced,2
cool,36
coolestdragon,2
coolestformulatv,2
coolgameofthrones,6
coollove,2
copperdarwinscavernsepiconetsy,10
copperwenge,50
copyend,2
corazngameofthroneslooks,2
coronationstreetwellthis,2
corpreo,2
correct,2
corriente,4
cortometraggio,2
cosadragones,10
cosassend,2
cosmopolitan,2
cosmosnataliedormerking,4
cosplay,24
cosplayer,2
cosplayersigh,2
cosplaygame,2
cosplaygameofthrones,2
cosplayvenha,2
costar,4
costume,8
costumegame,2
costumegameofthrones,2
costumes,2
cosy,2
cote,2
cottage,2
cough,2
coughgameofthroneswellthis,2
couldnt,4
couldve,2
count,4
countdown,46
counting,2
country,2
couple,28
course,4
cover,6
coverbreak,2
covergreat,2
coversewxgot,2
coworker,2
cp,14
crack,8
crashed,8
craving,2
crawl,2
cray,4
crazed,2
craziest,32
crazy,16
crazygame,2
crazynew,2
create,4
created,10
creativity,2
creator,34
creators,26
creatorshandmade,2
creatorsis,2
creatorsjon,2
creatorsman,2
creatorsmark,4
creatorsstorylines,2
creatorsthanks,2
creatorsthewhiteprincess,2
credits,2
crime,4
criminalminds,8
crimson,2
crisisgameofthrones,4
crisps,6
crits,2
croaked,2
croatia,6
crossingthewalkingdeadgameofthronesmixseriesgame,2
crossingthewalkingdeadgameofthronesmixseriesurlaub,2
crow,6
crown,2
cruel,4
cry,4
crying,2
crystal,4
cuando,20
cuddle,4
cuenta,4
cuff,6
culpable,2
culture,2
cumming,2
cundo,8
cunt,2
cupped,4
currently,2
curtathe,2
cushendun,2
cushion,2
custom,2
customer,2
cut,2
cute,2
cutest,2
cutie,2
cutslowly,2
cutting,2
cuz,2
cw,2
cyclical,4
cz,2
d,6
da,36
daario,2
dabei,4
dad,2
daenarys,4
daenerys,48
daeneryscosplay,2
daenerysdolores,2
daenerysgameofthrones,2
daenerysla,4
daenerysseasonoutfits,2
daenerystargaryen,48
daenerystargaryenrhsstorylines,2
daily,4
dailygameofthrones,6
dailythanks,16
dameron,2
damm,2
damn,18
danger,36
dangers,2
danny,4
dans,12
dany,8
danygameoft,2
danygameoftbaahubali,2
danygameoftnueva,2
danylets,2
dar,4
daranno,2
dare,2
dark,10
darkhigh,2
darksalmon,2
darwins,14
darwinscavernsdragonstory,14
darwinscavernsepiconetsy,20
darwinscavernsgameofthrones,10
darwinscavernslotr,2
darwinscavernsskullart,4
das,6
daspara,6
date,84
dategameofthro,2
dategameofthroemiliaclarke,2
dategameofthrones,14
datemporada,6
datesgameofthrones,2
david,28
davidbowie,4
davos,4
day,46
daya,2
dayfave,4
dayfor,2
days,14
daysofsk,4
daywellthis,2
dbilespour,2
dc,2
de,673
dea,4
deacon,2
dead,66
deaddaily,16
deadgame,4
deadgot,2
deadi,2
deadmark,2
deadsend,2
deadteeshirt,2
deal,4
dealsend,2
dear,4
deas,2
death,32
deathbygoldgameofthrones,2
deathmore,2
debaclegame,2
deberan,2
debido,2
debile,2
debutto,2
decemberrita,2
decomo,2
decor,6
decoration,2
decorationabsolutely,2
decorholzbox,2
dedi,2
dedication,8
dee,4
deed,2
defenders,14
definitely,4
degameofthrones,6
deil,2
dejahxs,2
del,24
delalque,2
delay,2
delight,2
delighted,4
delike,2
deliniciaba,2
delivery,2
della,24
deluxe,2
demais,2
demand,12
demandentry,2
demasiado,8
demitiniz,2
democracy,2
democracygame,2
dempsies,2
denew,2
denver,2
department,2
departments,4
depiratesofthecaribbeangameofthrones,2
derniers,2
dernire,2
derrota,8
derrotado,8
derry,2
derstaffel,4
desafortunadamente,8
descriptiongameofthronesnew,2
descriptiongameofthronesstorylines,2
descubro,2
desde,6
desem,2
desend,2
deseront,32
deserve,2
deserved,6
deserves,2
design,6
designgotstower,2
designmother,2
designs,6
designswinteriscoming,2
desktop,2
desperation,2
despierto,2
despus,2
dessa,2
desserter,2
dessus,2
destino,2
destinybatgirl,22
destroy,4
detailsi,2
detroit,2
detrs,8
dettagli,2
deu,2
deviantart,6
devil,2
dewellthis,2
dewintahhh,2
dey,4
dgameofthronesnuevo,2
dhabitude,2
di,60
dia,4
diaagora,2
diarias,2
didentit,4
didnt,32
didntworkforjonlets,2
die,22
died,8
diehard,4
dieriverdaleno,2
dies,2
diez,4
diferentes,2
different,10
differently,2
digital,10
dije,2
din,2
dingwallscotland,4
dinklage,14
dinmico,10
dio,2
dire,2
direction,2
direwolf,2
direwolvesget,4
diria,4
dirili,2
disappointedthewalkingdead,2
disappointedwentworthprison,2
disappointedwentworthyoure,2
disc,10
discdisc,12
discend,6
discendgameofthrones,2
discfree,4
disclosure,2
disconnected,2
discovered,6
discs,4
discuss,14
discussing,2
disfrutando,2
disney,6
displaygameofthronesand,2
displaygameofthronesgameofthroneswellthis,2
displaygameofthronesgot,2
displaygameofthronesmark,2
displaygameofthronesthe,2
displaygameofthronesworlds,2
disponvel,2
distracted,2
distracting,2
districtand,10
diventa,2
divulgar,4
diz,2
dizi,2
djawadi,6
djawadis,2
dlm,4
dmillhouse,6
dn,2
dni,2
doca,2
docharacters,4
doctor,4
doctorwho,2
doescome,2
doesnt,24
doeson,4
dog,4
dogameofthrones,2
dogs,2
doi,2
doileys,2
dominant,4
domingo,2
dominiumphotographer,2
donde,4
done,12
dongdesk,2
dont,72
dontstartgame,2
doodle,2
doohbtw,2
door,12
doors,30
doorsactintermission,2
doorseasonepisodegot,2
doorsthe,2
doorthe,2
doortoo,2
doorwellthis,2
doramsay,2
doran,2
dorbz,4
dormer,2
dormermetrogameofthronesdragon,2
dormermetrogameofthronesthe,2
dorne,4
dos,16
dothan,4
dothraki,6
dothrakis,2
dothrakiya,2
downfictional,6
download,2
downstairs,2
downtown,2
dr,4
drages,2
dragged,6
dragn,4
drago,2
dragon,114
dragondarwinscavernsepiconetsy,2
dragonegg,50
dragoneggepiconetsy,14
dragoneggformulatv,2
dragonegggame,2
dragonegggameofthrones,2
dragonegggot,2
dragoneggicymi,2
dragoneggsend,2
dragones,10
dragonit,2
dragonpackgameofthrones,6
dragons,32
dragonsblockedoverrated,2
dragonscada,2
dragonscales,2
dragonsdarthvader,2
dragonsdid,2
dragonsgame,2
dragonsgameofthrones,4
dragonsgameofthronessend,2
dragonsgameofthroneswally,2
dragonsgotscos,2
dragonsi,2
dragonsthe,2
dragonstheres,2
dragonsthewhiteprincess,2
dragonsthis,2
dragonstoo,8
dragonswellthis,2
dragonswhen,2
dragonswithwheels,4
dragonswolves,2
drama,2
drank,2
drawershandmade,2
drawerswood,2
drawing,10
dream,6
dress,2
dressed,4
drew,4
drink,2
drogo,2
drogon,14
drogonfunko,2
drogongameofthronesmy,2
drogonhot,4
droit,2
drone,14
drop,22
dropped,2
droppedgameofthrones,2
duas,2
dublin,4
dublintour,2
dubrovnik,10
dude,4
due,4
duegameofthron,4
duegameofthronesseason,2
duegameofthrongame,2
duegameofthronmark,2
duhop,2
dumb,4
dump,2
dusk,2
dust,6
duty,4
dutycharlotte,2
dutydied,2
dvd,22
dvddisc,28
dvdend,6
dvds,8
dvdscould,2
dvdsgameofthrones,2
dvoile,2
dwellthis,2
dying,10
dynasty,2
dystopiaishere,2
dystopian,6
e,40
eaglemossassine,2
eaglemosshappy,2
eaglemossif,2
eagles,2
ear,4
earlier,4
early,4
earring,4
earrings,4
earringsgameofthronessigh,2
easily,2
easter,20
eastereggs,2
eastersundaygameofthrones,2
eastvillage,6
eastvillagegotso,2
eastvillagesend,2
eastvillagethis,2
easy,2
eat,6
eating,2
ebay,6
eccitata,4
economy,2
ed,8
eddard,2
edge,2
edicin,6
edilecek,4
edio,6
edition,12
editioncollectiblegot,10
editioncollectiblegotmontegrappa,6
editioncollectiblegotno,2
editiongotsigh,2
edm,2
een,12
eeuusend,2
efeitos,2
efemeridesun,2
effect,2
effects,4
eg,2
egg,52
eggs,4
eh,2
ehgameofthrones,2
eigenen,2
einen,2
either,2
ekimijoining,2
ekip,2
el,84
elde,2
elik,2
elimina,4
else,34
elsewhereoasis,2
elsie,2
elton,2
em,6
embarazoso,4
embarking,2
emeraldcity,6
emerged,2
emiliaclarke,12
emiliaclarkegame,2
emmanuel,58
emmy,2
emocjonujca,2
emojiscon,2
emojismark,2
emotional,2
empiece,2
empire,10
empowerwomen,2
emsend,2
en,194
encanta,2
enchantingly,2
encontrar,2
encontrarme,2
encore,2
encuentre,2
end,70
endangered,2
ended,2
ending,24
ends,14
endsgameofthronesgrrmspeakinggameofthronesasoiafsbaiwnsiw,2
enemy,2
engineeringstudent,2
english,12
enheisenberg,2
enigmaspalavras,2
enjoy,10
enjoyed,2
enjoyeddhabitude,2
enjoytheresistance,6
enniskillenchi,2
enniskillengame,2
enniskillenshare,2
enough,20
enoughthe,2
enquanto,2
enreally,2
ensear,4
entender,4
entera,2
entertainment,4
entirequestion,2
entre,8
entrepreneursgotsso,2
entrepreneursthewhiteprincess,2
entrlike,2
entusiasmante,4
ep,2
epic,26
epica,2
epicfansgameofthrones,2
epicgameofthrones,6
epickitharington,2
epicpromo,2
epics,10
epicwhat,2
episdios,2
episode,50
episodeandof,2
episodelike,2
episodenot,2
episodeof,6
episodes,16
episodios,2
epof,4
epschill,2
equalityforall,2
eres,2
errdayrunway,2
error,2
ertacaltinoz,6
erwartet,2
es,30
esa,2
escaleraslocas,2
escape,2
escenas,2
escolheu,2
escrever,2
escritura,4
esega,8
esfuerzo,2
eso,10
esosme,2
espadas,4
espadasgameofthrones,8
especially,2
espectacular,6
esperando,4
esperar,2
espero,2
espertointeligente,2
esseri,2
est,32
esta,132
estadohoras,2
estar,2
estas,2
estce,2
este,16
esteheres,2
estilo,4
estn,4
esto,2
estoque,2
estos,12
estou,6
estoy,12
estreia,4
estrena,2
estrenar,4
estreno,8
estwill,2
et,20
etpekyakndacada,2
etsy,6
etsyceramic,2
etsygot,2
etsyoztoymaker,2
etsyshopmoon,2
etsywellthis,2
eu,4
euforia,4
eunuch,2
euro,8
europe,2
eva,2
evans,2
even,40
event,8
eventfuleso,2
events,2
ever,30
everscifi,2
eversewellthis,2
every,20
everyone,20
everyonegameofthrones,2
everyonejonsa,2
everyones,2
everything,74
everythinggotsget,2
everytime,2
evil,2
evitando,2
evitarme,4
exactly,2
examinations,12
excelente,2
excited,16
excitedgameofthrones,2
excitedsend,2
excitement,4
excites,2
exciting,2
exclusive,16
exclusivebusy,2
exclusivegame,2
exclusivegameofthrones,4
exclusiveheres,2
exclusivei,2
exclusivepackgameofthronesnew,2
exclusivetraining,2
exclusivevinyl,6
exclusivewbonus,2
exclusivewhenever,2
exclusivossaiba,2
excuse,2
exercise,2
existe,2
exits,2
exlusive,2
expanded,2
expanse,2
expect,8
expecting,2
experience,62
expert,8
expertarchaeology,2
expertgotsno,2
explain,2
explore,2
explores,8
exploring,2
explosiowellthis,2
express,4
exquis,2
extinct,2
extraas,4
eye,2
eyebrows,6
eyes,2
eyesgameofthrones,2
eylerden,2
f,52
fabulous,2
face,490
facebook,2
facebookgameofthrones,2
facedaenerysgame,2
faceless,2
faces,4
faceshow,2
facialsmilehoodlicensinglicensingwhen,2
facing,2
fact,4
factory,2
facts,6
factscomiccon,2
failed,8
fairgameofthrones,4
fairgameofthronesdont,2
fairgameofthroneshouse,2
faith,24
faithmilitant,4
faithmilitanteaster,2
faithmilitantgameofthrones,2
faithmilitantthis,2
fake,4
falan,2
falar,2
fallssomeone,2
falnda,2
falta,4
faltam,2
faltamdias,2
familles,32
family,14
familystuntdoubles,2
familytravelmust,2
famosos,4
famous,4
famwellthis,2
fan,60
fanart,8
fanarttowerofjoy,2
fancy,6
fandomh,2
fanfics,2
fanfilmcheck,2
fangirl,2
fangotic,2
fans,72
fansgameofthronesno,2
fansgameofthroneswellthis,2
fansmust,2
fansquestions,2
fansthe,2
fantastically,36
fantasticbeasts,2
fantasticgameofthrones,4
fantasy,60
fantasyoconnorandione,2
fantasysend,2
faon,2
far,26
farcould,2
fared,8
farready,4
farsend,4
farsi,4
faryepnew,2
fascculos,4
fashion,18
fashionblogger,4
fashioned,2
fast,48
fastandfurious,274
fastend,2
fastfurious,2
fateofthefurious,44
fathersday,6
fav,10
favoooooorr,2
favorite,38
favoritism,4
favourite,12
fc,8
fcil,6
fcking,2
fear,40
feared,20
feat,2
featuring,68
fechas,8
feeddwts,2
feel,24
feelin,2
feels,14
feelsoffthe,2
felice,2
feliz,2
fellow,2
felt,2
female,4
feminist,14
fence,2
fer,12
feriado,2
ferro,8
ferroanche,2
ferrogotsit,2
ferrothe,2
fesperar,2
ff,2
ffycisbeijing,2
fglad,2
fgot,2
fi,2
fickcjfkmdmdmdstorylines,2
fico,2
fiction,2
fidigame,2
fiending,2
fifth,18
fiftyshades,2
fiftyshadesdarkerthis,2
fiftyshadesofgrey,2
fight,2
fighttheres,2
figuras,2
figure,12
figureend,2
figurefunday,2
figuregameofthronesgotslets,2
figuregameofthroneson,2
figuregot,2
figuresend,2
filled,4
film,4
filmacin,6
filmagem,2
filmare,2
filming,26
filmlandgame,2
films,12
filmtourism,8
filmtv,6
fin,2
final,28
finalegameofthrones,2
finalegameofthroneswellthis,2
finally,46
finallytraicion,2
finallywasnt,2
financial,2
find,28
findomdhabitude,2
finds,2
finger,2
fingers,2
fini,2
finir,8
finish,4
finished,10
finishedseason,2
finishedseasondont,2
finishing,2
finishingbring,2
finishingseason,2
finn,2
fire,18
fireandand,2
fireandblood,4
fireandbloodamazinggameofthrones,2
fireandbloodavectoutes,2
fireandblooddo,2
fireandbloodseason,2
firecannotkilladragotshandmade,2
firedbronn,2
fireits,10
firemountandblade,4
first,60
firstsecond,2
fits,4
fixthanks,2
flames,6
flash,2
flashback,2
flaskml,2
flaws,2
fledged,2
fleece,4
flew,2
flightsgame,2
flightthe,2
flip,4
flipkart,4
flipper,2
flockharts,2
flora,4
florentine,2
fluid,4
fly,8
fofficial,2
fogameofthrones,2
foi,4
foil,2
folkart,2
folks,4
follow,88
followfollow,4
followfor,2
following,2
followingfor,2
folly,2
fome,2
foncent,2
fools,2
footage,4
forbest,622
force,6
foreststhe,2
forever,2
forexlivesend,2
forexlivevia,2
forget,12
forgetting,2
forgetwow,2
forgot,2
forgotten,2
forhourthen,2
foricymi,2
foris,2
forlastkingdom,2
forlooking,2
form,2
forma,2
formonths,2
formoon,2
formulatv,4
forsale,2
forthis,2
forto,4
fortoo,2
forum,8
forward,12
fosend,2
fosewingknitting,2
fosse,2
fot,2
foto,2
fotografa,2
fotogrfica,2
fou,2
found,10
fountainpens,2
four,12
foursoundtrack,2
fourth,10
fpremiere,44
fr,4
freak,2
freakel,2
freakhttpgame,2
freakin,2
freaking,2
freaks,2
freddie,2
freddo,4
free,12
freefast,2
french,2
frente,2
fressshh,2
frey,4
freys,4
friday,18
fridaygameofthrones,4
friend,6
friends,8
friendtonightlive,2
friendzone,6
friendzoned,2
frikis,2
fromgameofthrones,2
fromlooks,4
fromon,4
fromrcb,2
fromsend,2
fromtake,2
fromwellthis,2
front,4
frowellthis,2
frozen,2
frozennothing,2
frozenthe,2
frutos,2
fs,14
fuck,26
fuckall,2
fucker,2
fucking,12
fuckkkkkkk,2
fueledall,2
fuera,4
fui,2
fulfilled,4
full,24
fun,6
funcada,2
funeralgameofthrones,4
funko,60
funkojuegodetronos,2
funkopop,98
funkopops,2
funkopopsmark,2
funkosummer,2
funniest,2
funny,40
funnywnow,2
furniturebackoft,2
furniturebackoftbknz,2
furniturebackofthebusbrothers,2
furniturebackoftlol,2
furniturekeybox,2
furniturestorylines,2
furore,8
future,2
futuregreat,2
fwhat,2
g,4
ga,2
gaangel,2
gael,2
gaelic,2
gagne,8
gagotseaster,2
gain,4
gainwithofentse,4
gainwithrealkot,4
gainwithtrapa,4
gainwithxtiandela,4
gajdjrksksjsorjrndngfksssfff,2
gajoining,2
galera,2
galway,2
game,954
gamedev,4
gameof,4
gameofthethrones,10
gameofthethronesgosujcie,2
gameofthonres,2
gameofthrone,2
gameofthrones,3613
mystery,8
myvoid,2
n,2
na,18
nabs,2
nachdenklicheme,2
nada,4
nagging,2
nah,4
nahin,2
nahingameofthrones,2
nail,2
naileditthe,2
nails,4
naked,2
name,16
named,6
nameday,2
namegameofthrones,2
namegameofthronesi,2
namegameofthronesstorylines,2
namegot,2
names,4
namorar,6
narwhal,2
nasreddinhodja,2
natalie,4
nataliedormer,14
nataliedormergameofthronesvery,2
nataliedormersworld,2
nathalie,26
nathaniel,2
nation,2
national,10
nationaldoctorsday,10
nationallibraryweek,4
nationalpetdaygot,2
nationalsiblingsday,14
nature,2
navez,4
navyenconque,2
nbaplayoffsa,2
ne,12
near,4
neat,4
necessary,2
necklacefashion,4
necklacegameofthrones,2
necklacemedieval,4
necklacesjust,2
ned,12
nedir,2
nedstark,2
nedtelling,2
need,42
needed,4
needle,8
needles,6
needlestoragebox,2
needs,24
neighing,2
nejad,2
nel,16
nell,2
nem,2
nerd,6
nerdisbond,2
nerdlifesabanfilms,2
nerdy,2
nero,12
nerves,2
nesbitt,4
nesse,4
nestoris,14
netemmuz,2
netflix,6
netflixsend,2
netflixthe,2
neva,2
never,64
neveraskawoman,22
neville,2
new,190
newbids,4
newcollectors,2
newend,10
newfree,2
newgameofthronesofficial,2
newgot,2
newpromo,4
news,10
newsealedendgameofthrones,6
newseason,2
newsis,2
newsterling,4
newunitedairlinesmottos,6
next,70
nextwellthis,2
ni,4
nib,2
nica,2
nice,6
nicht,2
nie,2
nieve,2
niggwellthis,2
night,42
nightgameofthrones,2
nightqueen,2
nights,10
nightswatchoath,2
nightwatch,4
nightwatchergameofthronessophieturner,2
nikolajcosterwaldaus,2
nio,10
nios,4
nipslip,2
nj,2
noble,6
nodo,2
nolike,2
nolur,2
nomination,2
nominees,2
nomineesbelfastbring,2
noms,2
none,4
nonsense,2
noo,2
nope,4
normal,4
normallywould,2
normans,2
norte,2
norted,2
north,24
northern,34
northerners,2
nos,4
noshame,2
noshametonightlive,2
nosotros,6
nospoilers,2
nosso,2
nostra,4
notemore,2
notemporadas,2
notexcursin,2
nothing,62
nothingceramic,2
nothingstorylines,2
nothingthe,2
notice,4
noticed,4
noticehappy,2
noticeit,2
noticenew,2
notime,2
notjokinglet,2
notofficials,2
notts,2
nous,2
nouvelle,18
nouvelles,2
novamente,2
novel,4
novels,4
novelsamreading,2
novelsill,2
now,108
noway,2
nowca,2
nowdont,2
nowfrom,2
nowgameofthrones,4
nowherkes,2
nowheyfans,2
nowhttpsan,2
nowhy,2
nowicymi,2
nowin,2
nowisthetime,2
nowkitharington,2
nownew,2
nowoffendeveryoneinwords,12
nowpeiscola,2
nowso,2
nowt,2
nowthe,2
nowthey,2
nowwatch,2
nowwhere,12
nowyou,2
np,2
npacked,2
ntas,2
nuclairethe,2
nueva,20
nuevas,8
nuevo,12
nuggets,2
nuggsforcarter,8
nuggsforcartercersei,2
nuggsforcartermark,2
nuggsforcarterstorylines,2
nuggsforcarterthe,2
nuggsforcarterwinter,2
nuit,4
nuke,2
number,8
numero,2
nunqui,2
nuova,6
nuovi,2
nuovo,6
nur,2
nuraghessarena,2
nuts,2
ny,2
nyr,4
o,44
oasis,8
oath,2
oberyn,2
oberyna,2
obghere,2
obgwhat,2
obliges,32
obsessed,2
obsessedcomiccon,2
obsessedcuarta,2
obsession,6
obviously,12
occasion,8
occupy,4
od,2
oddwaystosayiloveyoumy,2
odiato,2
odkurwiasz,2
ofcant,38
offended,2
offendeverybodyinwords,6
offendeveryoneinfourwords,6
offendeveryoneinwords,38
offendeveryoneinwordsel,2
offendeveryoneinwordsgameofthroneswellthis,4
offendeveryoneinwordsoh,2
offendeveryoneinwordssigh,2
offendeveryoneinwordsstorylines,4
offendeveryoneinwordstruestory,2
offer,2
office,4
officehour,2
official,32
officially,2
offunkogameofthroneslooks,2
offunkogot,2
ofgameofthrones,2
ofgot,4
ofharry,2
oficial,18
ofmeltyitgameofthrones,2
ofmyfavoritethingsgotsgotsicymi,2
ofon,2
ofor,2
ofsend,2
ofsigilsgameofthrones,2
ofstark,6
often,2
ofthewhiteprincess,2
oftoday,2
ofttimes,2
ogd,2
oglda,2
oh,24
ohhhh,2
ohsi,2
oi,2
oitnb,2
oivamo,2
ok,4
okaynot,2
olacam,2
old,50
older,2
oldpost,2
olenna,6
oleole,2
olicity,2
oliver,8
olivier,2
olly,2
olsun,2
oluyorgameofthronesdaytvshowchallenge,2
oluyorgameofthronesheyfans,2
omfgtheres,2
omg,6
onaldo,2
onalready,2
onandwe,2
onceuponatimegameofthrones,6
one,114
onegameofthrones,2
onegameofthronessend,2
onewednesdaywisdomokay,2
ongameofthronesceramic,2
ongrrmspeakinggameofthronesasoiafsnake,2
onhere,2
onhereshare,2
onisnothingsacred,2
onjoin,2
onlately,2
onlyend,2
onlyhbo,10
onmerylstreepamyadamsgotsgotsexactly,2
onmore,2
onnowwho,2
onout,2
onsend,2
ontalks,8
onto,6
onun,2
onwe,4
onwellthis,2
ooohh,2
oordeel,2
open,6
openergame,2
openerwhat,2
opening,2
option,4
oq,4
ora,2
orange,2
oranje,2
orchestra,6
orchestragameofthrones,2
order,174
orders,2
organize,2
organizer,2
orhan,2
orhangame,2
oriental,4
originalit,2
ornament,36
orologio,2
orwellian,2
orwine,6
os,16
osn,14
osngameofthrones,2
others,10
otherwise,2
otra,4
otro,16
otros,4
ou,8
oui,2
ourcombined,2
ourpm,4
ourvideo,2
ousadogameofthrones,2
outfits,56
outgameofthrones,6
outgameofthronesdirewolftours,2
outgotsthis,2
outhttp,28
outhttpa,2
outhttpanxious,2
outhttpbring,8
outhttpgameofthrones,2
outhttpholy,2
outhttpicymi,2
outhttpjust,2
outhttpnovedades,2
outhttpo,2
outhttpstorylines,2
outhttpthe,4
outhttptrailer,2
outhttptrat,2
outhttpwellthis,6
outhttpwhat,2
outhttpwinter,2
outhttpwith,2
outin,2
outlander,4
outlawed,4
outrasstorylines,2
outrockhall,2
outsider,4
outstandinggameofthrones,2
outupdate,2
oven,2
overall,630
overcame,2
overflowing,2
overgameofthrones,2
overrated,4
overtake,10
overtaking,36
ownerhafr,2
owners,2
owns,2
ozholzbox,2
p,2
pa,2
pace,2
packagegameofthroneswellthis,2
packedgameofthrones,2
packet,6
pagar,2
pain,2
painful,2
painted,2
pairings,2
pala,2
palacio,2
paleturquoise,2
paljoined,2
panic,2
paperweightgameofthronestoo,2
par,16
para,66
parade,2
paramilitary,2
parar,2
parece,2
parecen,4
paredo,4
parents,2
parlisis,2
parody,8
pars,2
part,6
parte,10
participants,4
participar,20
particularly,4
partis,2
party,10
pas,10
pasa,2
pasadas,2
pasado,4
pasajeromark,2
pasajerotrat,2
pasan,2
pasando,2
pasar,2
pasaste,2
pascal,6
pasgameofthrones,2
pass,4
passavase,2
passe,4
passed,2
passes,14
passoriginal,2
passport,12
past,14
patienter,2
patiently,2
patronus,2
paura,2
paw,2
payitahtmargery,2
paz,2
pe,2
peace,2
peaceful,2
peachpuff,2
peak,2
peasants,2
pecado,2
pedir,2
pedro,4
peepsgotsgreat,2
peki,2
pela,6
pelakon,2
pelea,2
peliscon,4
pelle,2
pelotas,2
pen,4
pence,22
pendantgameofthrones,4
penltima,2
pennsylvania,2
pennywisethewhiteprincess,2
pens,4
pensare,2
penspecial,14
people,12
peoplegotsriverdaleno,2
peopleless,2
peoples,2
pepesilvia,4
pepsi,4
per,16
perfect,50
perfectly,2
perfecto,2
perfectvotre,2
perfetta,2
performance,6
performed,8
performs,2
periscope,2
permission,2
pero,122
person,4
personaggio,2
personaggioptimagazinegameofthrones,2
personaggioptimagazinegameofthronessend,2
personaggioptimagazinegameofthronessigh,2
personaje,12
personajes,6
personajesceramic,2
personajesgameofthrones,2
personajesregrann,2
personal,4
personnage,2
personnages,2
pescola,2
pessoal,2
pet,60
peter,6
peterdinklage,2
peterdinklagequale,2
peterkay,2
petition,2
petyr,4
petyrbaelish,8
peu,8
peupleparlecommelesy,8
peupleparlecommelesygame,4
peupleparlecommelesygameofthrones,2
peupleparlecommelesygotsgame,2
peupleparlecommelesyhouse,2
peupleparlecommelesynationaldoctorsday,2
peupleparlecommelesyprepare,2
peupleparlecommelesystemenew,2
peupleparlecommelesystorylines,2
peupleparlecommelesystuntdoubles,2
peupleparlecommelesythe,2
peupleparlecommelesythey,2
pewter,6
pgameofthronesgots,2
pgameofthronesis,2
pgina,2
phelt,2
philadelphia,4
philandering,2
philharmonic,6
phlcc,4
phogame,2
photo,50
photode,2
photography,2
photographyseriewellthis,2
photos,2
photosjames,4
photostorylines,2
phrase,2
phx,2
pi,12
pia,2
piano,4
pianogotsavectoutes,2
pianonew,2
pianonot,2
picked,2
pickup,2
picnic,2
picture,4
pictures,4
pie,2
piece,16
pierdas,2
pikachu,2
pilsnerprost,2
pimp,2
pin,8
pinball,2
pint,6
pipeorgan,2
piracy,2
pirated,2
piratesofthecaribbeangameofthrones,4
piropazogots,2
pitanga,2
pitch,18
pitched,18
place,8
placeunbowed,2
placid,2
plan,2
planes,2
plastic,2
plata,2
plate,14
platourile,2
play,66
playepisodeseasoni,2
player,8
playing,4
playnationaldoctorsday,2
plays,2
playsomeone,2
pleading,2
please,20
pleaseexclusive,2
pleaseprincess,2
pleasexx,2
pledge,2
plenty,2
pll,2
plot,2
plotgame,2
pls,4
plshbo,2
plsrespond,2
plswere,2
plugin,4
plus,4
plusappreciation,22
plz,4
pm,36
pmeaster,2
pmnyc,10
pmrsvp,2
pmshow,4
png,4
poco,2
pod,16
pode,2
poder,2
podramos,2
poe,2
point,4
pointgameofthrones,8
pojedynku,2
poldarkvictoriapbsgameofthronesshare,4
police,12
polish,2
polished,10
political,2
poll,2
polo,2
pompestorylines,2
ponerte,4
pontos,2
poodles,2
pool,2
pooos,2
poor,4
poorlygotsasdfghjklwhy,2
pop,66
popey,2
popgame,8
popgameofthronesgotswhich,2
popgameofthronesriverdaleno,2
popgeekjothanks,2
popped,2
pops,2
popupshop,2
popvinyl,2
por,38
porcelainto,2
porit,2
porque,2
porra,2
porsinoloviste,2
portegot,2
portrait,2
pose,2
posing,2
positiongot,2
positionhttpwhat,2
possible,2
possiblebeyond,2
possivelmente,2
post,14
posted,2
poster,4
postersset,6
pot,4
potter,6
potterjoining,2
potterjon,2
pottermoreeven,2
pottermorefeeling,2
potterplaying,2
potterthewhiteprincess,2
pouncethe,2
pour,14
pouvoir,32
power,8
powered,2
powergotsprisonbreak,2
powers,2
ppv,2
pra,24
prabhas,36
prabhasbaahubali,2
prabhasinternationalstargameofthrones,2
prabhasinternationalstarred,2
prague,6
praised,2
praises,12
preciso,4
predictedgameofthrones,16
predictedgameofthronesmancano,2
predictedgameofthronessigh,2
predictedgameofthronesthe,2
predicting,4
prediction,6
predominantemente,2
preferite,2
premiere,16
premieres,40
premieresapril,2
premieresdays,2
premieresfoiredutrone,2
premieresfunko,2
premieresgotsa,2
premieresgotsaaaaaaaaaaaaaaaaaaaaaaaaaaaaaaaaaaaaagotsgreat,2
premieresgotsgameofthrones,2
premieresgotsthat,2
premieresgotswestworld,2
premieresgotswhat,2
premieresheres,2
premiereslike,4
premieresnathalie,2
premieresperdon,2
premieresquem,2
premieressono,2
premieresthe,4
premierestopgame,2
premiereswellthis,4
premieresyep,2
premiering,2
premiersnumerology,2
premiiloremmy,2
preocupado,2
preorder,12
preparation,2
preparing,4
prepreview,2
prereleasing,2
presale,2
presence,630
presente,4
presentear,2
presents,2
preshow,2
pretty,12
prettylittleliars,4
preview,2
previews,12
prfrerais,2
prfrgot,2
prfrs,2
primeira,4
primroses,2
prince,18
princearmorycannot,2
princess,10
princesse,2
principal,4
principales,4
principe,2
printed,2
printingactressstorylines,2
printinggameofthronesmoon,2
printshbo,2
priode,16
prison,2
prisonbreak,12
prisonbreakkit,2
prix,2
prmio,2
prmioprimer,2
prmios,2
prob,2
probably,6
problem,4
produce,4
producer,2
productor,4
products,6
profesora,2
profezie,2
progress,2
progression,2
project,2
projectthe,2
prometo,2
promised,8
promisedgameofthronesgameofthrones,2
promisedjonsnow,4
promo,130
promocional,6
promocionando,2
promos,2
promotinggame,2
promotionnellesdesaffichent,2
pronto,2
prop,2
proper,2
properties,2
prophecy,10
prophecytime,4
prophecytimegameofthr,2
prophesied,4
prophesiedgameofthrones,2
proposed,2
protagonista,6
protagonistas,4
protagonisti,2
prototypegotwellthis,2
proximos,2
prts,2
prximo,2
ps,2
pshappy,2
psyched,2
ptdrrrrrr,2
puan,2
pub,2
public,2
publica,4
publique,2
publish,4
publishers,2
publishersbroadcasters,2
publishing,2
publishorperishthewhiteprincess,2
publiziertgameofthrones,2
puede,14
puedes,2
puedo,6
puerto,6
puertorico,6
pug,2
pull,4
pulled,2
pulsedwts,2
pumped,4
pure,16
purple,2
push,2
pussy,2
put,4
putin,2
puto,2
putondracarysjoin,2
puts,6
puzzletime,2
pvc,2
pycelle,2
pycellejon,2
q,8
qagot,6
qlfactressya,2
qotd,2
qu,12
quando,10
que,144
quedar,2
queen,6
queenmargery,2
queenofdragonsdhabitude,2
queenoftheandalshelloits,2
queens,2
queenssend,2
queenssi,2
quel,2
quem,6
quer,6
queri,2
querrs,6
querrubi,2
ques,2
question,10
questions,4
questo,2
qui,10
quick,2
quickdrawwithgoogle,4
quienes,2
quieree,2
quiero,4
quiet,2
quitand,4
quiz,8
quizok,2
quizzes,4
quoi,4
quon,4
quote,2
quotes,2
quotetheres,2
quotgameofthrones,2
r,32
ra,6
raffle,2
rah,2
raining,2
rains,4
rainwatch,2
rally,2
ramblings,12
rami,2
ramin,6
ramindjawadi,2
raminsend,2
ramsay,8
ramsayhere,2
ramseyboltan,2
random,4
range,2
rangesummeriscomingh,2
ranking,6
rantings,2
rap,2
rape,2
rapetorturepower,2
rapgameofthronesits,2
rapping,2
rappresentante,10
raps,2
rare,6
rarefied,4
raregameofthrones,2
raregameofthronesgame,2
raregotcurious,2
raregotmark,2
rarode,2
rasped,2
rated,2
rather,4
raven,6
ravens,10
ravensend,2
raventhe,2
ravenvote,624
raw,4
ray,6
raybonus,2
raydigital,4
razym,2
razzle,2
razzmatazz,2
rb,4
rcb,4
rd,2
re,2
reach,6
reaches,4
reactions,8
reacts,6
read,40
reader,2
reading,16
readinglady,2
readingmark,2
readingyes,2
readof,2
ready,28
real,12
realflow,4
reality,2
realitygameofthrones,2
realization,2
realize,12
reallife,2
really,22
reallydontcarecarewellthis,2
realm,4
realmgameofthronessay,2
realmsbut,2
realmthe,4
reals,4
realsgotwellthis,2
reason,2
reasonsgame,2
reasonswhy,2
reasonswhygameofthrones,2
rebingebefore,2
received,2
receives,2
recent,4
reckon,2
reclutar,8
recognize,2
recomiendan,2
recomiendansiendo,2
recorded,2
recurring,4
red,56
reddarwinscavernsepiconetsy,18
reddit,6
redemption,2
rediffuser,2
redkeep,170
redlips,4
reference,8
referred,4
refresh,2
refuse,14
regained,2
regele,2
region,4
regionend,2
registaquasi,2
regreso,12
reign,2
reina,8
reincarnated,2
reincarnatedgot,2
reincarnatedoivamo,2
reino,10
relate,6
related,6
relation,4
relationships,10
release,10
released,66
releasedseason,2
releasesmore,2
releasing,2
releer,2
relic,4
reliccatelyn,2
relicgameofthrones,2
relmpagovoc,2
remarkable,2
remebers,2
remember,24
remembergameofthrones,2
remembers,10
reminds,6
removalstyle,2
renault,2
rendir,2
renley,2
renly,22
renlysays,2
rennyandstimpy,2
reparto,2
replace,2
replica,6
replicacosplay,2
replicaedition,2
reported,2
reporter,2
reportergame,2
reportergameavectoutes,2
reportergameofthrones,6
repost,2
repostwithicymi,2
representing,2
repudian,4
requires,4
reruns,2
rescues,2
resembles,2
reserved,8
resident,2
resignspicer,2
resist,8
resisti,2
resisttrumpswarwellthis,2
resolved,236
resort,2
respect,2
respectivelywhere,2
responds,10
responsabilitats,4
responsvel,4
respuestalord,2
respuestasardegna,2
rest,4
resume,4
resurreccin,2
retired,2
retorno,4
retour,8
retrasos,2
return,8
returning,12
retweet,28
reunion,6
reunitethestarksgot,2
reveal,4
revealed,2
revealingseasonlooksofficial,2
reveals,4
rever,2
review,8
revive,6
reward,2
rewatch,6
rewatches,2
rewatching,4
rewatchingthe,2
rewrites,2
rewrote,2
rexhain,2
rey,2
rgameofgotsgeorge,2
rgameoftgotssend,2
rgameofthrgame,2
rgameofthrno,2
rgameofthrones,10
rgameofthronesa,2
rgameofthroneseverything,2
rgameofthronesfan,2
rgameofthronesgameofthrones,2
rgameofthronesgameofthronesbronn,2
rgameofthronesgameofthroneseverything,2
rgameofthronesgameofthronesgame,2
rgameofthronesgameofthroneshouse,2
rgameofthronesgameofthronesicymi,2
rgameofthronesgameofthronesnationaldoctorsday,2
rgameofthronesgameofthronesno,2
rgameofthronesgameofthronestopgame,2
rgameofthronesgotsfunko,2
rgameofthronesi,4
rgameofthronesmahershala,2
rgameofthronesmain,4
rgameofthronesno,4
rgameofthronesrandyll,2
rgameofthronesthewhiteprincess,2
rgameofthronestoo,2
rgameofthroneswellthis,2
rgameofthroneswow,2
rgameofthrtea,2
rgameoftwhens,2
rgamgameofthrones,2
rgamtoo,2
rhaegal,2
rhaegar,4
rhaegartargaryen,2
rhaego,2
rheon,6
rhllor,2
rhodri,2
richard,2
richardsonknitting,10
rick,2
rickandmorty,2
rickon,6
ricogot,2
ricoicymi,2
ricowatchingseasoni,2
rides,6
right,18
rightceramic,2
rightdaenerys,2
rightgameofthrones,4
rightgameofthronesall,2
rightgameofthronesbeklenen,2
rightjamies,2
ring,2
ringblinghappy,2
rings,50
ripasso,2
ripped,2
rise,2
rises,2
risestorylines,2
risingosha,2
risponde,2
ritmo,2
rittenhouseellaria,2
rittenhousegillygameofthrones,2
rivalry,4
rivals,2
rivedo,2
riverdale,10
riverdaleno,58
riveroasis,2
rlj,2
rngameofthrones,2
roads,2
roadtripceramic,2
robb,18
robert,4
roberts,2
rock,2
rojeasend,2
role,108
rolegameofthrones,2
roleperfectly,2
roll,2
rollerball,10
roman,2
romance,6
romcom,2
rome,2
romybeatwriterthe,2
rooftopthewesterosmain,2
room,4
roose,2
root,2
ror,2
rose,54
roseleslie,2
roses,4
rosetone,6
rougeone,2
round,6
roupa,2
rowingicymi,2
rozada,10
rpg,4
rr,80
rrmartin,4
rrmartinmini,2
rs,2
rshouse,2
rsvp,10
rt,14
rte,2
rtlikefollow,86
rtlikefollowtasfuck,2
rtlikefollowtasjon,2
rtlikefollowtaslike,2
rtlikefollowtasmark,2
rubi,2
rule,2
ruler,2
ruling,4
rumbo,2
rumham,2
rumhamhow,2
rumours,2
run,2
runners,4
ruolo,12
rush,2
russia,2
ryan,4
s,54
sa,2
sabem,4
saber,4
sables,2
sache,2
sad,6
sadness,8
safadaaaaaa,4
safe,2
safety,4
sages,2
said,24
saidhold,2
sais,10
saison,18
saisonbonplangameofthrones,2
saisonbonplanmoon,2
saisonde,4
saisondei,2
saisongameofthrones,8
saisonse,2
sake,2
sal,2
sala,2
sale,2
salefree,2
salerrpgot,2
salga,4
salir,8
samantha,8
sams,2
samsungwellthis,2
san,8
sanaa,2
sand,2
sandgameofthrones,2
sandor,6
sansa,6
sansastark,12
sansastarkrhodes,2
sansastarkwhat,2
santa,6
saquen,2
sat,2
satanic,2
saturday,6
saudi,2
save,2
saw,4
say,26
saybring,2
saying,4
saymark,2
says,18
scale,14
scaledarwinscavernsdragonstory,4
scandal,2
scared,2
scars,2
scarysi,2
scene,22
scenes,4
scent,4
schedulefixed,2
schlacht,4
schleifen,2
schockt,2
school,2
scifi,4
scifigame,2
scofield,2
scones,10
scorewar,2
scratchfree,2
screamqueens,2
screamsroarsthe,2
screen,12
screencaps,2
scribble,2
scrivere,2
scroll,4
sculpture,4
sd,4
sdcc,2
sdccexclusivegameofthrones,2
sdccgotgamergate,2
sdccgotsgameofthrones,2
se,168
sea,8
seal,2
sealed,12
sealeddvd,2
sealedend,4
sean,16
season,178
seasonaccording,2
seasonal,2
seasonall,2
seasonam,2
seasonand,8
seasonandcant,2
seasonaquela,2
seasonartisan,2
seasonautograph,12
seasonavectoutes,2
seasonbaahubali,2
seasonbanner,2
seasonbluraydigital,4
seasonbluraydisc,4
seasonbluraydvd,2
seasonblurayfree,2
seasonby,2
seasoncase,2
seasoncharacters,4
seasonclues,2
seasoncomplete,2
seasoncompletedvd,2
seasoncon,2
seasoncould,16
seasoncrammed,6
seasondisc,2
seasondragon,2
seasondragoon,2
seasondvd,8
seasondvdbrand,2
seasondvddisc,8
seasondvdend,2
seasondvdgreat,2
seasondvdnewend,2
seasoned,4
seasonemilia,2
seasonend,16
seasonep,2
seasonepisodeat,6
seasonepisodebonus,2
seasonepisodeclipthe,4
seasonepisodecliptyrions,2
seasonepisodegameofthrones,2
seasonepisodemark,2
seasonepisodenuevo,2
seasonepisodethe,2
seasonepofficial,2
seasonfactory,4
seasonfinale,2
seasonfive,2
seasonfunko,2
seasongame,2
seasongameofthrones,8
seasongameofthronesall,2
seasongameofthronesbloopers,2
seasongameofthronesdays,4
seasongameofthroneseven,2
seasongameofthroneseverything,2
seasongameofthronesfoiredutrone,2
seasongameofthronesgameofthrones,4
seasongameofthronesgotsceramic,2
seasongameofthronesgotstheres,2
seasongameofthroneshappy,2
seasongameofthroneshodor,2
seasongameofthronesif,2
seasongameofthronesimpressed,2
seasongameofthronesis,2
seasongameofthronesjun,2
seasongameofthronesme,2
seasongameofthronesmoon,2
seasongameofthronesnew,2
seasongameofthronesnonpartisan,2
seasongameofthronesnow,2
seasongameofthronesohhhh,2
seasongameofthronespointsgameofthronesstorylines,2
seasongameofthronesrelive,2
seasongameofthronessiempre,2
seasongameofthronessigh,2
seasongameofthronesthe,4
seasongameofthronestraining,4
seasongameofthroneswaiting,2
seasongameofthroneswe,2
seasongameofthroneswellthis,2
seasongameofthroneswhat,2
seasongarbgameofthrones,2
seasongoogle,2
seasongot,2
seasongotgtbaahubali,2
seasongotsalfie,2
seasongotscould,2
seasongotscuandohace,2
seasongotshouse,2
seasongotsjoffrey,2
seasongotsughhhhghghhh,2
seasongreat,2
seasonhappy,2
seasonhard,2
seasonhouse,8
seasonhousetargaryen,2
seasoni,2
seasonin,2
seasonis,10
seasonits,2
seasoniv,2
seasonjonsnow,2
seasonlets,2
seasonlo,2
seasonme,2
seasonmissandeis,4
seasonmoon,2
seasonmxdwn,4
seasonnew,10
seasonnewsteaser,4
seasonnowcada,2
seasonof,92
seasonofand,2
seasonofat,2
seasonofayerkit,2
seasonofbought,2
seasonofbusinessinsiderstorylines,6
seasonofcelebs,2
seasonofclipart,2
seasonofcountdownmonthmonthsmonthsgameofthrones,2
seasonofemilia,2
seasonofgame,4
seasonofgameofthrones,14
seasonofgameofthronesgame,2
seasonofgot,2
seasonofgotsliterally,2
seasonofhandmade,2
seasonofheres,4
seasonofi,2
seasonofif,2
seasonofim,4
seasonofits,2
seasonofjon,2
seasonoflannister,2
seasonoflike,6
seasonofmark,2
seasonofmentioned,2
seasonofmissinglovewe,2
seasonofnathalie,4
seasonofnew,2
seasonofno,2
seasonofnowwatching,2
seasonofnuevo,2
seasonofsend,2
seasonofshow,2
seasonofsigh,2
seasonofsomeone,2
seasonofstorylines,36
seasonofthe,2
seasonofthis,2
seasonoftotheunsullied,2
seasonoftraining,4
seasonoftyrion,2
seasonofwatching,2
seasonofwellthis,10
seasonofwhen,2
seasonofwhos,2
seasonofych,2
seasonofyes,2
seasonolly,2
seasonon,12
seasononmontegrappa,2
seasonoutfit,2
seasonoutfits,8
seasonoutfitsa,2
seasonoutfitsah,2
seasonoutfitsand,2
seasonoutfitsany,2
seasonoutfitsbelle,2
seasonoutfitsca,2
seasonoutfitsdont,2
seasonoutfitsgame,2
seasonoutfitsgameofthrones,10
seasonoutfitsglens,2
seasonoutfitsgot,2
seasonoutfitsgotsgame,2
seasonoutfitsgotsgameofthrones,2
seasonoutfitsgotsthanks,2
seasonoutfitshbo,2
seasonoutfitshouse,6
seasonoutfitsi,6
seasonoutfitsizombie,2
seasonoutfitsjoffrey,2
seasonoutfitslannisters,2
seasonoutfitsliverpoolgameofthrones,2
seasonoutfitsmoon,2
seasonoutfitsofficial,2
seasonoutfitsoh,2
seasonoutfitsrewatching,2
seasonoutfitsronaldo,2
seasonoutfitssemana,2
seasonoutfitssend,2
seasonoutfitsstorylines,4
seasonoutfitsthe,4
seasonoutfitstopgame,2
seasonoutfitswaking,2
seasonoutfitswe,2
seasonoutfitswip,2
seasonpremieresbring,2
seasonpremieresin,2
seasonpremiereskitharington,2
seasonpremieresongotscome,2
seasonpremieresongotsgot,2
seasonpremieresongotsif,2
seasonpremieresongotsseasoncharacters,2
seasonpremieresongotswellthis,2
seasonpremieresqui,2
seasonputin,2
seasonrelic,8
seasonreminiscingpassing,2
seasonreturn,4
seasonriverdaleno,2
seasonrs,2
seasons,6
seasonsand,14
seasonsandgameofthrones,4
seasonsandgotsbring,2
seasonsandguys,2
seasonsandheard,2
seasonsandicymi,2
seasonsandthe,4
seasonsandvia,4
seasonsandwhat,50
seasonsansastark,2
seasonsbluray,4
seasonsdvd,4
seasonsdvdbids,4
seasonse,2
seasonseason,2
seasonseasonseasonblu,2
seasonsend,10
seasonshare,2
seasonshieldpin,2
seasonsnewend,2
seasonsofstarted,2
seasonsophie,2
seasonsoundtrack,6
seasonspanish,2
seasontarget,2
seasonteaser,2
seasonthank,2
seasonthe,18
seasontodayits,2
seasontrading,4
seasontrailer,4
seasontrailercalista,2
seasontrailergame,2
seasontrailergameofthrones,2
seasontrailermark,2
seasontrailerno,2
seasontrailerwhat,2
seasonvalyrian,2
seasonvanity,8
seasonvia,4
seasonwas,4
seasonwatch,2
seasonwe,2
seasonwellthis,6
seasonwhen,2
seasonwho,2
seasonwill,2
seasonwinter,2
seasonwith,2
seasonwithout,2
seasonyou,2
seatsthe,2
seattleaaaaaathis,2
seaworth,10
sebring,2
second,12
secret,4
secretas,2
secs,2
see,76
seegameofthronesaccording,2
seeing,42
seek,2
seelive,2
seem,2
seems,6
seen,30
seencould,2
seenhandmade,2
seenpremierecheck,2
seenwith,2
seesinging,2
seg,4
seguidores,2
seguimos,6
seguro,2
seizoen,2
selling,2
selmy,2
semainesdamngameofthrones,2
semana,6
seminude,2
sempre,6
sen,2
senate,10
send,88
sensationally,2
sense,2
sent,4
sentar,4
sentenced,2
sentire,4
separation,4
septa,2
ser,10
sera,6
serbiasend,2
seriado,2
seriadosonline,2
serialgameofthroneswellthis,2
serie,14
series,70
seriesamazing,2
seriesbut,2
seriesofnow,2
serieswhich,2
seriously,4
sesong,2
session,2
set,82
setdvddisc,2
sete,2
setend,30
setendgameofthrones,2
setfree,2
sethis,2
setseries,2
setslim,2
settima,4
settles,2
setused,2
sevdiini,2
seven,24
seveneverythingjon,2
sevenkingdoms,22
sevenkingdomsgameofthrones,2
sevenkingdomsoh,2
seventh,4
several,12
sevilla,2
sevillathe,2
seville,6
seviyorum,2
sew,2
sewing,8
sewingknitting,2
sewingsewingknittingneedlesbox,2
sex,10
sexo,2
sexodusmen,2
sexsymbol,2
sexta,10
sexy,2
sexyceleb,2
sezonu,2
sezonul,2
sgameofthrones,2
sgameofthronesbring,2
sguardi,2
shabby,2
shadow,10
shakira,6
shall,6
shame,4
shameeven,2
shameshame,2
share,58
shastri,2
shed,2
sheeran,8
sheeranlego,4
shepersistedgame,2
shepersistedgameofthrones,2
ship,4
shipend,2
shipping,8
shippingbids,4
shippingend,4
shippinggameofthronesjust,2
shippingmothgameofthrones,2
shippingshop,2
ships,2
shireen,6
shirt,4
shirts,2
shit,30
shitgotrealel,2
shookwellthis,2
shoot,6
shooting,4
shootingstarmeme,2
shootingstarmy,2
shop,2
shopetsy,26
shopetsywowlove,2
shopping,2
shortfilm,2
shot,6
shots,2
shoulda,2
shouldnt,4
shouldve,2
show,48
showavailable,2
showgamegotshardhome,2
showgameofthrones,2
showing,4
showriverdaleno,2
showrunner,2
showrunners,2
shows,44
showthank,2
showwho,2
shrek,2
sht,2
si,20
siamo,2
sibling,14
siblingday,2
siblings,14
siblingswe,12
sick,4
side,2
sidekickgot,2
sideways,4
sido,10
siege,2
siento,10
sigh,18
sighed,4
sigil,2
sigils,10
signed,42
significant,4
significar,10
silicon,2
siliconvalleycompletely,2
silk,2
silver,12
similar,6
simple,2
simply,2
simulation,4
since,12
sinceomgmusic,2
sing,8
singer,2
singersongwriter,2
single,2
singlehandedly,2
sinyregala,2
sir,2
sirshow,2
sirve,2
sister,2
sit,22
sitcom,2
site,2
sitting,2
six,8
sixgameofthrones,2
sixsixth,2
sixth,16
size,4
skamreasonswhybonne,2
sketch,4
sketchbook,4
skies,2
skin,2
skull,20
skyrim,2
slay,2
sliced,2
slightly,2
slim,4
slow,2
smack,2
small,8
smallfolk,2
smell,2
smhgameofthrones,2
smil,2
smile,2
smoke,2
smoking,2
smurf,8
smurfdom,2
smurfette,2
snags,16
snap,6
snapchat,2
snapchatin,2
snape,4
sneak,4
snel,2
snoo,2
snow,108
snowcastle,2
snowen,2
snowgameofthrones,2
snownews,2
snowon,2
snows,2
snowthey,2
soap,4
sobbingthewhiteprincess,2
sobiesezon,2
sobre,4
social,632
socialnonmentegameofthrones,2
soeben,2
soi,6
soimpressive,2
solamente,2
sold,2
soldiergameofthrones,2
solidfollowgameofthrones,2
solo,10
solopregunto,2
soltar,4
somebodies,2
somebody,2
someday,2
someone,8
something,28
somethingmark,2
somethings,2
sometimes,8
somuchcoolstuffahah,4
son,32
song,38
songoficeandfire,2
songoficeandfireofficial,2
songs,2
sono,2
sonsofanarchy,2
soon,186
soonalreadybring,2
soonalways,2
soonexclusive,2
soongameofthronesla,2
soonthe,2
soonwellthis,2
soooo,2
sooooo,2
sooooooo,2
sooooosend,2
sophie,36
sophieturner,10
sophieturnernew,2
sophieturnernouvelles,2
sophieturnersend,2
sor,2
sorrow,2
sorry,2
sort,2
sortakinda,12
sou,2
souffle,2
souk,2
soulgotsbetter,2
sound,2
soundcloudavectoutes,2
soundcloudgameofthronesavectoutes,2
sounds,2
soundtrack,14
source,48
south,2
southerners,2
sowill,2
sox,8
soxsocialtheyve,2
soy,2
soyez,2
space,2
spacesuitsoasis,2
spada,2
spade,2
spainreal,2
spalttered,2
spans,2
sparrow,22
sparrows,2
sparrowslike,2
sparrowswellthis,2
speak,2
special,4
specifically,2
spectacular,2
speculate,2
speculativefiction,2
speed,2
spelled,2
spend,14
spending,4
spezialno,2
spicer,2
spicers,2
spiderman,2
spidermanhomecoming,4
spiders,60
spin,2
spingo,2
spinoff,2
spit,2
splainin,2
splattered,2
split,2
spnfamily,2
spoil,4
spoiled,6
spoiler,8
spoilers,76
spoilersthe,2
spoilerswhat,8
spoils,2
spoke,2
spokenvladimir,2
sponsored,2
sports,2
spots,2
spring,6
sptima,32
srhvsmisend,2
srie,18
sries,4
sriverdaleno,2
ss,2
sso,2
st,12
sta,4
stage,6
stagione,12
stagionemeltyitgameofthrones,4
stamps,4
stampsgame,2
stampsjon,2
stampslamaanadeorfeoatentos,2
stampsnew,2
stampsshe,2
stampsthe,2
stanathepremiereim,2
stanathepremieresend,2
stand,2
stannis,2
star,48
staradrianlegg,2
starbucks,2
starbuckscoffeesolanocounty,2
starbucksonthego,2
stargameofthrones,12
stargameofthronesits,2
stargameofthronesmum,2
stark,184
starkgameofthrones,6
starkgameofthronesdragon,2
starkmouse,2
starkoffendeveryoneinwords,2
starkofficial,2
starkpool,2
starkque,2
starkreunioneven,2
starkrt,4
starks,30
starksgreat,2
starkvinyl,2
starrating,2
starring,6
starringsean,2
stars,56
start,20
started,22
startedgameofthronesstorylines,2
starting,10
startizombieoberyn,2
startizombiethats,2
starts,6
startsgameofthrones,2
starwars,54
starwarsbring,2
starwarsgotssend,2
state,6
statue,4
statuegameofthronesofficial,2
statuelimited,2
statusgot,2
steal,2
steel,4
steelbrass,14
steelgot,2
steelpurchase,2
steelseriously,2
step,2
stephanie,4
sterling,2
sterlingsilverdoublepearl,2
sternpinballfoiredutrone,2
stgame,2
sthewhiteprincess,2
stick,2
stickergameofthrones,2
sticky,2
still,20
stillblindtho,2
stima,4
stirbtimmerwer,2
stockgameofthrones,4
stockgameofthronescan,2
stockgameofthroneskaso,2
stoked,2
stole,2
stone,4
stop,20
storage,4
storagehandpaintedsewingknittingneedlesbox,2
store,6
storm,4
story,8
storygameofthrones,8
storygameofthroneselton,2
storyhold,2
storyline,2
storylines,50
storystreamgot,2
strange,2
strangerthings,2
stream,6
streaming,14
streetfighterporsinoloviste,2
stretch,2
striking,2
stroma,2
strong,2
stronges,2
struggle,2
stud,2
students,4
studiestraining,2
stuff,4
stufforange,2
stunning,6
stunningfan,2
stuntdoubles,4
stunts,2
stupid,2
stuttgartmasukinjg,2
style,18
stylegame,2
su,36
sua,2
subplot,2
subscribing,2
subsequent,2
subtituladojuegodetronosquem,2
subtituladojuegomoon,2
subtle,6
success,4
successful,18
suckered,2
sucks,4
sucksoffendeverybodyinwords,2
sudanese,8
suddenly,6
suena,4
suffer,2
suffered,2
sufre,2
sugar,2
suggestion,2
suicide,2
suis,4
suiteconcertbeen,2
suits,2
sul,10
sumitgame,2
summer,20
summera,2
summerdaybest,2
summereverything,2
summergame,2
summergameofthrones,2
summerheres,2
summeriscoming,2
summerlets,4
summermy,2
summerout,2
summerpeter,2
summerpick,2
summersend,4
summerthen,2
summertheres,2
summertime,8
summeryou,2
sun,52
sunday,4
sundaybeginning,10
sundaystarting,2
sunnydays,2
sunshine,2
suo,2
super,10
superb,2
superbgameofthrones,4
superfanbracht,12
supergirl,8
superinimigo,2
superman,6
supernatural,4
supernaturals,2
supplies,2
support,24
supporters,2
supppeeerrr,2
sur,4
sure,14
surprise,2
surprised,2
surprisingly,2
surrounded,2
surrounding,4
surroundingsend,2
survey,6
survive,2
survivorgr,4
sus,2
suspense,2
suspenseful,2
suspicions,20
suspicionsnot,2
suspicionswinter,10
suspicious,2
svela,2
swap,2
swazystyles,6
swco,4
swcocersi,2
swear,2
sweeksgameofthrones,4
sweektwinpeaks,4
sweet,2
sweetest,2
sweetling,2
sweetness,2
sword,16
swords,6
swordscabbard,2
sxsw,2
sxswclearly,2
symbol,6
syrio,2
szabo,2
szsn,2
t,4
ta,8
tablequiz,6
tabletop,4
tag,2
tagaryen,2
tagspomeranian,2
take,66
takeaways,4
taken,8
takes,6
taking,2
tal,4
talent,2
talentwellthis,2
talk,32
talking,24
talks,6
tambin,114
tambm,2
tan,2
tanaw,2
tangerine,2
tankard,6
tanto,4
taragaryen,2
tarde,2
targaryen,76
targaryencustom,2
targaryenesque,2
targaryengameofthrones,2
targaryenoffendeveryoneinwords,4
targaryens,16
target,4
targeted,6
tarth,2
tarthnister,2
tarz,2
tas,86
taught,4
taxes,2
tbh,2
tbt,2
tdemais,2
tdi,2
te,24
tea,16
teabag,2
teach,18
team,2
teambuilding,2
teamcerseithis,2
teams,2
teamstark,2
tearjerkerte,2
tearsgots,2
tearsgotsceramic,2
tearsgotsdigitalpainting,2
tearsgotseaster,2
tearsgotsfinally,2
tearsgotsgameofthrones,2
tearsgotshbo,2
tearsgotsicymi,4
tearsgotsin,8
tearsgotsnew,2
tearsgotspledge,2
tearsgotsriverdaleno,2
tearsgotssend,2
tearsgotswe,2
tearsgotswhat,2
tearsgotsyall,2
tearstorylines,2
tease,6
teased,2
teaser,34
teatea,2
tee,2
teesgame,2
teiikuart,2
tekmilletevetmalazgirtfilmi,2
tekrar,2
telegraph,2
televisinms,6
television,4
televisiondont,2
televisiongameofthrones,2
telfieappgameofthrones,4
telif,2
tell,4
tellement,2
telltale,2
telltalegames,2
telthe,2
tem,2
tema,6
teme,8
tempers,2
templar,2
temples,2
temporada,72
temporadagame,2
temporadao,2
temporadas,4
tendr,6
tendra,2
tenemos,8
tengo,2
tenir,2
tens,8
tensiuni,2
teora,2
teoras,2
teorisiaraclylails,2
tequilala,2
terminada,2
terminar,4
terribile,2
terrible,2
terribleoffendeveryoneinwords,2
terrificgameofthrones,2
terrificgot,6
terror,2
terrors,2
terug,2
tesadf,2
tetoia,2
tgotsyothink,2
th,26
thank,6
thanks,2
thanksfor,2
thanksgame,2
thatcharacters,2
thatgameofthrones,4
thatgameofthronessophieturner,2
thatlove,2
thats,72
thatsabrszlkla,2
thatsend,2
thatser,2
theatersin,2
theatersomfgwhy,2
theatres,2
thebattleofthebastards,2
thecast,2
theconcert,2
thecrown,4
thedeathofhodorummmmmm,2
thedirectors,2
theflash,2
theflashgeorge,2
thegameofthrones,2
thegoodfight,2
thegot,2
thehungergames,2
thekinginthenorth,2
thelandmermaid,2
thelastjedi,4
thelastkingdom,6
theleftovers,2
thelive,6
thelover,2
thelovernew,2
thematic,4
themazerunner,2
themed,16
themewestern,2
themgameof,2
themountain,2
themthe,2
themummymore,4
thengotssend,2
thenightwatch,2
thenorthern,2
thenorthre,2
theon,8
theories,4
theoriesgameo,2
theoriesgameofthrones,2
theoriesgameofthroneswatch,2
theoriesseriously,2
theorist,2
theory,98
theorya,2
theorygotshodor,2
theorykitharington,2
theorymashablegmark,2
theoryva,2
theoryyou,2
theparody,2
thepremierecc,46
thereasonlive,4
thereasonlivehora,2
therebout,2
theredweddinggameofthrones,2
theregotswellthis,2
therenew,2
theres,12
theresand,2
theretraining,2
therewhen,2
therules,2
theseasonpremiere,2
theseasonsoundtrack,2
thesecharacters,14
theshop,2
thesimsplot,2
thesoundtrack,2
thestuntdoubles,2
thetheme,2
thetudorsgotsa,2
theunburnt,2
theundertaker,8
theundertakerdelivering,2
thevampirediaries,2
thevideos,38
thew,4
thewalkindead,2
thewalkingdead,10
thewalkingdeadgame,2
thewalkingdeadgameofthrones,2
thewcountdownmonthmonthsmonths,2
thewell,2
thewhiteprincess,16
thewhitequeen,4
thewhitequeenwellthis,2
thewill,2
thewwellthis,2
theyd,4
theyre,10
thing,64
thingjon,2
things,18
thingsdost,2
thingsdosticymi,2
think,36
thinkhttgotsjust,2
thinking,2
thinkingoutloud,2
thinks,8
third,28
thirdrd,2
thisgame,2
thisgameofthrones,2
thisgot,10
thisgots,2
thisisus,4
thisisuscheck,8
thislove,2
thismanijncersei,2
thismtvawards,2
thisor,2
thissend,2
thista,2
thomas,2
thories,2
thorieswellthis,2
thorragnorak,2
though,8
thought,18
thoughthe,2
thoughtpremiered,2
thoughwinter,2
thousand,4
thread,4
three,14
threeeyedraven,2
thrift,2
thriller,8
throne,30
thronedoneso,2
thronegameofthronesso,2
thronejealous,2
thrones,1070
thronescomplete,4
thronesdaenerysdrogonstatuele,2
thronesdragondaenerys,2
thronesdrogon,2
thronesdvdend,2
thronesend,2
thronesfigures,12
thronesfirst,2
thronesget,2
thronesgot,2
thronesgotwomancrushwednesday,2
throneslike,2
throneslitethe,4
throneslotrgot,2
throneslotrgotits,2
throneslotrgotlovers,2
throneslotrgotpersonajes,2
throneslotrgott,2
throneslotrgotwhen,2
throneslotrgotworked,2
thronesmeltymeltyitgameofthrones,2
thronesmemesmeme,2
thronesnathalie,4
thronesnerdistgameofthroneshandmade,4
thronesnights,2
thronespiece,2
thronespop,4
thronesquiz,6
thronesrefinery,2
thronesrewatch,112
thronesrewatchdaygot,2
thronesrewatchgotsfromfor,2
thronesseasondvd,2
thronessomewhat,2
thronesstark,6
thronesvalyrian,2
throneswhite,2
thronesyou,2
thronies,2
thru,2
thursday,40
thursdaythoughts,22
thus,2
thxgotsgotsgame,2
tickets,12
ticktock,2
tied,2
tiempo,4
tiene,4
tienen,4
tienes,4
til,4
till,8
tilthe,2
timber,4
time,130
timefreak,6
timegotsi,2
timekit,2
timelet,2
timeoffendeveryoneinwordslooking,2
times,4
timesgameofthrones,2
timesstuntdoubles,2
timestorylines,2
timetravel,2
timey,2
timmmaay,2
tinaguosend,2
tinaguoso,2
tinaguovenha,2
tingling,2
tinha,2
tira,4
tired,4
titan,2
titgot,2
title,2
titles,4
tits,2
toabout,2
toast,2
tobacco,6
tobiasmenzies,2
tocamos,4
toda,4
today,32
todaygameofthrones,2
todayhttptopgameofthrones,2
todaypinkmoon,2
todays,2
toddler,2
todoamateurflatearth,2
todoamateurfunko,2
todos,2
todoscmo,6
todosshowsfilms,2
toeknife,2
toeventprofs,2
tofficial,2
togame,2
togameofthrones,16
togameofthronesgameofthrones,2
togameowellthis,2
together,12
togethgameofthrones,2
toh,4
toi,2
told,8
toma,2
tomorrow,28
toncbd,2
tonight,16
tonightfunko,2
tonightshare,6
tooand,2
toohbonew,2
took,20
toon,4
toowellthis,2
top,2
topdragon,2
topgame,4
topic,8
topque,2
torcem,14
tormentadeespadasceramic,2
torner,10
torr,2
toseasonseries,2
total,2
totally,2
totorones,4
toujours,4
tour,20
tourcall,2
tourguide,2
tourism,8
toursigh,2
tout,2
towerofjoyrlj,2
tra,2
tradition,2
traduo,4
traemos,2
tragdiawellthis,2
tragedia,2
tragedy,2
traigo,4
trailer,86
trailergameofthronesafter,2
traileri,2
trailers,2
trailersend,4
trailertrailersigh,2
trailertraining,2
trailgameofthrones,2
trailsend,2
training,12
trajes,2
tramp,2
tranquilidad,2
transformequestions,2
transformers,2
transformesuspension,2
trap,4
trapping,2
travel,6
travelactress,2
travelah,2
travelavectoutes,2
travelchainmaille,2
travelconfirma,2
travelcountdownmonthmonthsmonths,2
traveldays,2
travelemilia,2
travelexclusive,2
travelgameofthrones,6
travelgameofthronescundo,2
travelgotslisten,2
travelhahahah,2
travelhollywood,10
traveling,2
travelit,2
travelme,2
travelnew,2
travelnple,2
traveloh,2
travelseasongame,2
travelstreaming,2
travelstuntdoubles,4
traveltime,4
traveltraining,2
traveltryin,2
travelvenha,2
travelwellthis,2
tray,2
tre,2
tree,4
tri,10
tribeca,2
tribes,8
tribunegameofthronesgreat,2
tribunegameofthronesthe,2
trilogy,2
triple,8
triste,10
trivia,22
trne,4
trnedefer,2
tron,2
trono,130
tronodispade,2
tronos,14
tronoswinter,18
trop,16
trophyplatinum,2
troppa,4
trouble,2
truck,8
TRUE,8
trump,16
trusted,2
trusts,2
truthdwts,2
try,2
trying,30
tryis,2
tshirt,4
tshirtend,2
tshirtgame,2
tshirtsregon,2
tshirtstark,2
tstorylines,2
tu,12
tuesday,6
tuesdaygameofthrones,2
tulloch,2
tune,2
turma,2
turn,2
turned,6
turner,8
turnermaisie,26
turnersondage,2
turngameofthrones,2
turns,4
tutorial,2
tutorialthis,2
tutti,6
tv,50
tvsenew,2
tvseriesofficial,2
tvshow,4
tvtag,14
twd,16
tweet,42
tweetee,2
twenty,2
twetts,2
twice,2
twist,14
twitch,4
twittamibeautiful,2
twittamibeautifulnew,2
twittamibeautifulsigh,2
twittamibeautifulthe,2
twitter,2
twittersolta,4
twitterwatch,2
two,44
twow,2
twpro,2
twx,2
ty,2
tycho,14
type,4
tyrell,2
tyrion,36
tyrioncan,2
tyrionlannister,4
tywin,6
u,24
uccide,2
ugh,2
ughhhhh,2
uglydolls,2
uh,2
ujamielannistergameofthronesbsta,2
ujamielannistergameofthronesgame,4
ujamielannistergameofthronesjonsnow,2
ujamielannistergameofthronesknit,2
uk,4
ultimatescenemoviefanif,2
ultimi,2
ultraviolet,2
um,2
uma,8
umani,2
umilt,2
umursamyorum,2
un,256
una,26
unable,2
unbelievable,2
unbent,8
unbowed,2
unbroken,8
uncanny,2
uncles,2
unconscious,2
unconstitutional,2
und,2
underroofgameofthrones,2
understand,4
une,10
unexpected,10
unfairgame,2
unfilmable,6
unfilmablewetpaintgameofthronesgotsstarted,2
unfold,2
unheard,2
unieron,2
uniform,2
unique,14
uniquegameofthrones,2
united,12
unitedairlines,10
unitedestoy,2
unitedgameofthrones,2
unitedgameofthronesbeing,2
unitedgameofthronesdamn,2
unitedgameofthronesdays,2
unitedgameofthroneseven,2
unitedgameofthronesfoiredutrone,2
unitedgameofthronesvado,2
unitedmashable,4
unitedmashablegameofthrones,2
unitedon,2
unitedthe,2
unityd,2
universewellthis,2
unknown,4
unless,2
unlike,4
unlocked,2
unofficial,2
unofficially,2
unread,4
unseen,2
untilhouse,2
upand,2
upcoming,16
update,10
updates,2
upon,4
upor,2
upset,2
upsidedown,2
ur,4
ure,2
urge,2
urged,14
urzealatronurilor,2
urzealatronurilorsigh,2
us,82
usa,2
usando,2
usarmos,4
usceramic,2
use,4
used,10
usend,4
user,6
usgot,2
usgotsa,2
ushad,2
using,2
usually,8
utilizo,4
v,6
va,30
vacacingotsstorylines,2
vacacingotswellthis,2
vacation,2
vado,2
vai,2
vaiking,2
vais,2
valar,6
valarmorghulis,10
valley,2
valyrian,10
vamos,4
van,26
vancouverpledge,2
vanvenha,2
var,4
varken,4
varmagame,2
vary,2
varys,10
varysbe,2
varyslike,2
vata,2
vatican,2
vaultedgameofthrones,4
vaultedgameofthronesicymi,2
vcs,4
vdeo,8
ve,4
vecchio,2
vector,8
vedere,4
vedo,2
veja,2
vejo,2
velha,4
venga,4
vengan,2
venha,10
veo,6
ver,16
verdad,4
verdadero,4
verge,2
vergegameofthrones,2
vergei,2
vergewellthis,2
verla,2
versie,12
version,10
versiyonsend,2
verso,2
verstand,2
vesel,2
vestuario,10
vez,22
vezgameofthrones,2
vfx,2
vfxcersei,2
vg,2
vi,2
via,68
viajecito,2
viajo,2
vianathalie,2
vicies,4
vicio,2
vicios,2
victorleonardib,2
vida,2
video,94
videoemocin,4
videogameofthrones,2
videogamessend,2
videos,8
videosphotos,2
vido,8
vids,4
vidsreactionsare,2
viendo,10
viene,2
vienen,8
vienenhandmade,2
vientos,2
viewers,6
vikings,10
vikingsgotsshare,2
villains,2
vince,2
vincehow,2
vinyl,24
vinylgot,2
violence,6
violencea,2
violencebig,2
violencebring,2
violencecant,2
violenceceramic,2
violencedrogonfunko,2
violenceeven,4
violencegame,4
violencegameofthrones,2
violencehandmade,2
violenceheres,2
violencein,2
violencequando,2
violencethat,2
violencethe,2
violencetraining,2
violencewhat,2
violenceyeah,2
violet,2
violncia,2
viper,8
virgins,6
virgintv,2
viserion,6
viserionsend,2
vision,8
visit,14
visita,2
visitando,2
visitas,8
visitfor,2
visiting,2
visitor,4
visitspain,2
visittravel,20
vistazo,2
visto,2
visuaisgeorge,2
vive,114
vivement,2
viveponiente,8
vladimirputin,2
voc,6
voice,4
voir,8
volta,2
voltar,2
volumehardcover,4
volver,2
volvo,2
vont,2
vontade,2
vor,2
vote,4
votea,2
voted,2
voter,2
vou,2
vous,92
vowed,2
voy,4
vraigameofthrones,2
vraiment,2
vs,32
vu,4
vuelva,6
vuelve,2
vuelvetoo,2
w,24
waheed,2
waif,2
wait,66
waitceramic,2
waitcomes,2
waited,2
waiting,18
waitmore,6
waitschool,2
waitstannis,2
waitthelongwalkmas,2
waking,2
wala,2
walder,2
walk,32
walka,2
walker,2
walkerminibustle,2
walkers,6
walking,58
walkingdeadgotssend,2
walkofshamegame,2
wall,6
wallclock,2
walls,8
wally,8
wallys,2
walmart,2
wanna,12
wansend,2
want,18
wanted,6
wanting,2
wants,6
war,76
warband,4
warden,2
warfortheplanet,4
warhammera,2
warhammerk,4
warhorse,2
wariscoming,2
warm,4
wars,4
warsgameofthronessend,2
wasnt,8
wasshare,2
wastedmichiel,2
wat,2
watch,82
watchall,2
watchand,4
watchbecause,8
watched,18
watchedseries,2
watchedsigh,2
watchedthe,2
watchgameofthrones,2
watching,50
watchingagain,2
watchinggrandtheftautov,2
watchingis,2
watchingjoffrey,2
watchingthis,2
watchjulyright,2
watchoffendeveryoneinwordsgameofthrones,2
watchseasonsyettraining,2
watchwith,2
water,2
waterstones,4
wautographsp,2
wax,2
way,22
waygameofthrones,2
ways,2
wayvote,42
weapons,2
wear,2
wearing,2
webbys,48
webbysgameofthrones,2
webbysht,178
webbyshta,2
webbyshtamreading,2
webbyshtand,2
webbyshtas,2
webbyshtbest,2
webbyshtbiglittleliesfargo,2
webbyshtbook,2
webbyshtbronn,2
webbyshtca,2
webbyshtclives,2
webbyshtcon,2
webbyshtdont,2
webbyshtelton,2
webbyshtfuck,2
webbyshtgame,6
webbyshtgameofthrones,10
webbyshtgameofthronesseasoni,2
webbyshtgive,2
webbyshtgots,2
webbyshtgotscutting,2
webbyshtgotsgame,2
webbyshtgotsgameofthronesbyk,2
webbyshtgotsgrey,2
webbyshtgotsjaime,2
webbyshtgotslady,2
webbyshtgotsnew,2
webbyshtgotssend,4
webbyshtgotswhat,2
webbyshtgotsyou,2
webbyshthappy,2
webbyshthas,4
webbyshthouse,6
webbyshtidk,2
webbyshtif,2
webbyshtis,4
webbyshtjoin,2
webbyshtjon,8
webbyshtla,2
webbyshtlets,6
webbyshtmark,2
webbyshtminha,2
webbyshtmoon,2
webbyshtmy,2
webbyshtnew,4
webbyshtnow,4
webbyshto,2
webbyshtpor,2
webbyshtquiet,2
webbyshtriverdaleno,12
webbyshtsamantha,2
webbyshtsend,260
webbyshtstorylines,2
webbyshtte,2
webbyshttes,2
webbyshtthe,6
webbyshttheres,4
webbyshtthis,4
webbyshtview,2
webbyshtvotd,2
webbyshtwe,4
webbyshtwellthis,2
webbyshtwhen,2
webbyshtwhich,2
webbyshtwomancrushwednesday,2
webbystraining,2
website,2
wed,8
wedding,14
wednesday,2
wednesdayat,6
wednesdaysgame,2
wednesdaywisdom,8
wee,2
week,26
weekend,6
weekofficial,2
weeks,6
weeksend,2
weeksthis,2
weeksya,2
weekyaaaste,2
weighs,2
weird,4
weirwood,2
weiss,26
weiter,2
welcome,2
welcomed,2
well,50
wellthis,44
welsh,2
wen,2
wenathalie,2
went,2
weoutcondado,6
werent,4
werik,2
wesonerdysend,2
westernsmap,2
westerohodorhodor,2
westeros,128
westerosduty,2
westerosgame,2
westerosi,2
westerospadre,2
westeroswednesday,12
westworld,6
wh,4
whats,28
whatsapp,6
whatsappatividadesde,2
whatsappgameofthrones,6
whatsup,2
whatwho,6
whenbecomes,2
whenever,2
whenexploded,2
whenexplodedthere,2
whenlive,4
whetstone,4
whim,2
whispering,2
white,30
whitesox,2
whitewalker,6
whitewalkers,2
whitewalkerse,2
whoa,2
whole,4
whoooooootraining,2
whowhere,2
whygamesofthrones,2
whysnake,2
wic,14
wield,16
wife,6
wigmakers,2
wikiaviens,2
wikifandom,2
wild,4
wildfire,6
wildings,2
wildling,2
wildlings,2
wildlingsno,2
will,204
williams,30
williamsfav,2
williamswas,2
win,18
wind,16
winds,20
windsofwinter,2
windy,2
wine,20
wing,4
wingless,2
winning,8
winter,60
winterbottleflipchallenge,2
winterfell,12
winterfellminute,4
winterfelltshirt,4
winterfelwellthis,2
winterffel,2
wintergameofthrones,4
winteriscombran,2
winteriscoming,26
winteriscominggame,2
winteriscominggameofthrones,2
winteriscomsend,2
winteriscvisitfor,2
winterisherenow,2
winterisherethe,2
winteriyes,2
wintersend,2
winterwater,2
wip,2
wips,2
wish,10
wishlist,4
witch,2
witchthe,2
withand,2
withdrawal,2
withdrawals,2
within,2
withindaysbring,2
withounah,2
without,4
withtoday,2
withtopgame,2
withwill,16
wmm,2
wmzixbxbsnzlckfbdbdjdjdbskdays,2
wnacurdense,10
wolf,10
wolfavectoutes,2
woman,2
womancrushwednesday,2
womans,2
women,6
womengotsdhabitude,2
womenrock,2
womens,4
won,2
wonder,2
wonderful,6
wondering,2
wont,18
wood,96
wooden,44
woodholzbox,2
woodjewelrybox,2
woodyjowskim,2
wooowif,2
word,2
words,14
wordsgameofthronesfunko,2
work,28
worked,8
workgameofthronesoh,2
workgotsdarthvader,2
working,14
workinmoms,4
workjust,2
works,4
workvdeo,2
world,24
worldwar,2
worm,8
worship,2
worst,4
worth,2
worthy,2
wouldnt,4
wouldntheres,2
wouldve,2
woven,2
wow,8
wowincrediblegameofthroneslive,2
wren,2
write,4
writes,4
writing,2
written,4
wrong,22
wrongthe,2
wrote,6
wslipcover,4
wstchdown,2
wtf,2
wtfunitedthis,2
wurde,2
ww,4
wwe,10
x,40
xboxone,2
xd,2
xdqui,2
xlp,6
xxbecause,2
xxellos,2
xxi,2
xxrhodes,2
y,62
ya,38
yaaaa,2
yace,8
yakn,4
yalerta,2
yall,2
yara,6
yassi,8
yassipressmanpinoy,10
yathe,2
yayndagameofthrones,2
yeaeoftheswordmissinglovewe,2
yeah,6
yeahgameofthrones,4
year,18
yearduhthe,2
years,686
yearswebbys,6
yer,4
yes,10
yess,2
yest,2
yet,10
yetgameofthroneskitharington,2
ygritte,72
ygrittereplacement,4
yknow,2
yl,2
yo,2
youd,2
yougameofthrones,2
yougameofthronesdaenerys,2
youhave,2
youizombie,2
youknownothingjonsnow,2
youknownothingsend,2
youll,8
young,6
younger,14
younginmotherfucking,2
youre,36
yournewbooks,2
yourtimeisnow,2
yousend,2
youth,2
youto,2
youtube,8
youtubeasoiaf,4
youve,6
youwellthis,2
yoyou,2
yseriesjuegode,2
ysiendo,2
yupfor,2
yzden,2
z,4
zaman,2
zarautzgame,2
zelfill,2
zevende,2
zigzag,2
zip,4
zitate,2
ziyaret,4
zombie,6
zombiejesus,2
zuk,4
